Rk,Year,Rnd,Pick,Player,Pos,DrAge,Tm,From,To,AP1,PB,St,CarAV,G,GS,Att,Yds,TD,Rec,Yds,TD,College/Univ
1,2019,1,25,Marquise Brown,WR,22,BAL,2019,2019,0,0,0,8,14,11,,,,46,584,7,Oklahoma
2,2019,1,32,N'Keal Harry,WR,21,NWE,2019,2019,0,0,0,1,7,5,5,49,0,12,105,2,Arizona St.
3,2019,2,36,Deebo Samuel,WR,23,SFO,2019,2019,0,0,1,9,15,11,14,159,3,57,802,3,South Carolina
4,2019,2,51,A.J. Brown,WR,22,TEN,2019,2019,0,0,1,10,16,11,3,60,1,52,1051,8,Mississippi
5,2019,2,56,Mecole Hardman,WR,21,KAN,2019,2019,0,1,0,7,16,5,4,17,0,26,538,6,Georgia
6,2019,2,57,JJ Arcega-Whiteside,WR,22,PHI,2019,2019,0,0,0,1,16,5,,,,10,169,1,Stanford
7,2019,2,59,Parris Campbell,WR,22,IND,2019,2019,0,0,0,1,7,3,4,34,0,18,127,1,Ohio St.
8,2019,2,62,Andy Isabella,WR,22,ARI,2019,2019,0,0,0,2,15,1,4,15,0,9,189,1,Massachusetts
9,2019,2,64,D.K. Metcalf,WR,21,SEA,2019,2019,0,0,1,8,16,15,2,11,0,58,900,7,Mississippi
10,2019,3,66,Diontae Johnson,WR,23,PIT,2019,2019,0,0,1,6,16,12,4,41,0,59,680,5,Toledo
11,2019,3,67,Jalen Hurd,WR,23,SFO,,,0,0,0,,,,,,,,,,Baylor
12,2019,3,76,Terry McLaurin,WR,23,WAS,2019,2019,0,0,1,7,14,14,,,,58,919,7,Ohio St.
13,2019,3,93,Miles Boykin,WR,22,BAL,2019,2019,0,0,1,3,16,11,,,,13,198,3,Notre Dame
14,2019,4,103,Hakeem Butler,WR,23,ARI,,,0,0,0,,,,,,,,,,Iowa St.
15,2019,4,120,Gary Jennings Jr,WR,22,SEA,2019,2019,0,0,0,0,1,0,,,,,,,West Virginia
16,2019,4,126,Riley Ridley,WR,23,CHI,2019,2019,0,0,0,1,5,0,,,,6,69,0,Georgia
17,2019,5,149,Hunter Renfrow,WR,23,OAK,2019,2019,0,0,0,4,13,4,,,,49,605,4,Clemson
18,2019,5,171,Darius Slayton,WR,22,NYG,2019,2019,0,0,1,6,14,9,,,,48,740,8,Auburn
19,2019,6,174,KeeSean Johnson,WR,22,ARI,2019,2019,0,0,0,2,10,4,1,3,0,21,187,1,Fresno St.
20,2019,6,184,Travis Fulgham,WR,23,DET,2019,2019,0,0,0,0,3,0,,,,,,,Old Dominion
21,2019,6,187,Juwann Winfree,WR,23,DEN,2019,2019,0,0,0,0,3,0,,,,,,,Colorado
22,2019,6,203,Marcus Green,WR,23,ATL,,,0,0,0,,,,,,,,,,La-Monroe
23,2019,6,206,Kelvin Harmon,WR,22,WAS,2019,2019,0,0,1,3,16,8,,,,30,365,0,North Carolina St.
24,2019,6,208,Scott Miller,WR,22,TAM,2019,2019,0,0,0,2,10,2,2,16,0,13,200,1,Bowling Green
25,2019,7,236,John Ursua,WR,25,SEA,2019,2019,0,0,0,0,3,0,,,,1,11,0,Hawaii
26,2019,7,237,Terry Godwin,WR,22,CAR,,,0,0,0,,,,,,,,,,Georgia
27,2019,7,239,Dillon Mitchell,WR,22,MIN,,,0,0,0,,,,,,,,,,Oregon
28,2019,7,247,Olabisi Johnson,WR,22,MIN,2019,2019,0,0,0,3,16,6,1,6,0,31,294,3,Colorado St.
29,2018,1,24,D.J. Moore,WR,21,CAR,2018,2019,0,0,2,16,31,25,19,212,0,142,1963,6,Maryland
30,2018,1,26,Calvin Ridley,WR,23,ATL,2018,2019,0,0,1,14,29,15,8,61,0,127,1687,17,Alabama
31,2018,2,40,Courtland Sutton,WR,22,DEN,2018,2019,0,1,1,14,32,23,4,16,0,114,1816,10,SMU
32,2018,2,44,Dante Pettis,WR,22,SFO,2018,2019,0,0,0,4,23,11,1,-2,0,38,576,7,Washington
33,2018,2,47,Christian Kirk,WR,21,ARI,2018,2019,0,0,2,11,25,20,13,128,0,111,1299,6,Texas A&M
34,2018,2,51,Anthony Miller,WR,23,CHI,2018,2019,0,0,1,9,31,11,7,25,0,85,1079,9,Memphis
35,2018,2,60,James Washington,WR,22,PIT,2018,2019,0,0,1,8,29,16,,,,60,952,4,Oklahoma St.
36,2018,2,61,DJ Chark,WR,21,JAX,2018,2019,0,1,1,8,26,14,2,20,0,87,1182,8,LSU
37,2018,3,81,Michael Gallup,WR,22,DAL,2018,2019,0,0,2,13,30,20,,,,99,1614,8,Colorado St.
38,2018,3,91,Tre'Quan Smith,WR,22,NOR,2018,2019,0,0,2,7,26,13,,,,46,661,10,Central Florida
39,2018,4,103,Keke Coutee,WR,21,HOU,2018,2019,0,0,0,5,15,6,5,14,1,50,541,1,Texas Tech
40,2018,4,105,Antonio Callaway,WR,21,CLE,2018,2019,0,0,1,5,20,13,2,7,0,51,675,5,Florida
41,2018,4,113,DaeSean Hamilton,WR,23,DEN,2018,2019,0,0,0,4,30,7,,,,58,540,3,Penn St.
42,2018,4,132,Jaleel Scott,WR,23,BAL,2019,2019,0,0,0,0,3,0,,,,1,6,0,New Mexico St.
43,2018,4,133,J'Mon Moore,WR,23,GNB,2018,2018,0,0,0,0,12,0,,,,2,15,0,Missouri
44,2018,5,144,Justin Watson,WR,23,TAM,2018,2019,0,0,0,1,28,2,,,,16,164,2,Pennsylvania
45,2018,5,159,Daurice Fountain,WR,22,IND,2018,2018,0,0,0,0,1,0,,,,,,,Northern Iowa
46,2018,5,162,Jordan Lasley,WR,21,BAL,,,0,0,0,,,,,,,,,,UCLA
47,2018,5,174,Marquez Valdes-Scantling,WR,23,GNB,2018,2019,0,0,2,8,32,20,4,38,0,64,1033,4,South Florida
48,2018,6,175,Damion Ratley,WR,23,CLE,2018,2019,0,0,0,3,26,6,,,,25,344,1,Texas A&M
49,2018,6,185,Deon Cain,WR,22,IND,2019,2019,0,0,0,1,13,6,,,,9,124,0,Clemson
50,2018,6,187,Ray-Ray McCloud,WR,21,BUF,2018,2019,0,0,0,0,16,1,2,4,0,5,36,0,Clemson
51,2018,6,191,Dylan Cantrell,WR,24,LAC,,,0,0,0,,,,,,,,,,Texas Tech
52,2018,6,194,Russell Gage,WR,22,ATL,2018,2019,0,0,0,5,31,4,4,12,0,55,509,1,LSU
53,2018,6,196,Tremon Smith,WR,22,KAN,2018,2019,0,0,0,1,22,1,,,,,,,Central Arkansas
54,2018,6,207,Equanimeous St. Brown,WR,21,GNB,2018,2018,0,0,1,2,12,7,1,5,0,21,328,0,Notre Dame
55,2018,6,208,Cedrick Wilson,WR,22,DAL,2019,2019,0,0,0,0,6,0,,,,5,46,0,Boise St.
56,2018,6,210,Braxton Berrios,WR,22,NWE,2019,2019,0,0,0,1,16,0,,,,6,115,0,Miami (FL)
57,2018,7,224,Javon Wims,WR,23,CHI,2018,2019,0,0,0,1,20,6,,,,22,218,1,Georgia
58,2018,7,228,Marcell Ateman,WR,23,OAK,2018,2019,0,0,0,2,18,6,,,,20,270,1,Oklahoma St.
59,2018,7,240,Richie James,WR,23,SFO,2018,2019,0,0,0,4,29,3,2,-1,0,15,295,2,Middle Tenn. St.
60,2018,7,253,Auden Tate,WR,21,CIN,2018,2019,0,0,1,4,19,10,,,,44,610,1,Florida St.
61,2018,7,255,Austin Proehl,WR,22,BUF,,,0,0,0,,,,,,,,,,North Carolina
62,2018,7,256,Trey Quinn,WR,22,WAS,2018,2019,0,0,0,2,15,8,1,0,0,35,273,2,SMU
63,2017,1,5,Corey Davis,WR,22,TEN,2017,2019,0,0,3,14,42,36,6,55,0,142,1867,6,West. Michigan
64,2017,1,7,Mike Williams,WR,22,LAC,2017,2019,0,0,1,15,41,21,8,30,1,103,1760,12,Clemson
65,2017,1,9,John Ross,WR,22,CIN,2017,2019,0,0,1,5,24,19,8,25,0,49,716,10,Washington
66,2017,2,37,Zay Jones,WR,22,BUF,2017,2019,0,0,2,10,46,34,2,3,0,110,1184,9,East Carolina
67,2017,2,40,Curtis Samuel,WR,21,CAR,2017,2019,0,0,2,12,38,27,31,278,3,108,1236,11,Ohio St.
68,2017,2,62,JuJu Smith-Schuster,WR,20,PIT,2017,2019,0,1,2,24,42,32,1,13,0,211,2895,17,USC
69,2017,3,69,Cooper Kupp,WR,24,LAR,2017,2019,0,0,2,23,39,28,6,29,0,196,2596,21,East. Washington
70,2017,3,72,Taywan Taylor,WR,22,TEN,2017,2019,0,0,0,6,32,10,8,43,0,53,697,2,Western Kentucky
71,2017,3,79,ArDarius Stewart,WR,23,NYJ,2017,2017,0,0,0,1,15,2,7,27,0,6,82,0,Alabama
72,2017,3,82,Carlos Henderson,WR,22,DEN,,,0,0,0,,,,,,,,,,Louisiana Tech
73,2017,3,84,Chris Godwin,WR,21,TAM,2017,2019,0,1,1,19,46,21,1,8,0,179,2700,17,Penn St.
74,2017,3,96,Kenny Golladay,WR,23,DET,2017,2019,0,1,2,20,42,34,2,17,0,163,2730,19,Northern Illinois
75,2017,3,98,Chad Williams,WR,22,ARI,2017,2019,0,0,1,1,17,8,3,42,0,20,202,1,Grambling St.
76,2017,3,106,Amara Darboh,WR,23,SEA,2017,2017,0,0,0,1,16,0,,,,8,71,0,Michigan
77,2017,4,110,Dede Westbrook,WR,23,JAX,2017,2019,0,0,1,13,38,25,14,125,0,159,1716,9,Oklahoma
78,2017,4,117,Josh Reynolds,WR,22,LAR,2017,2019,0,0,0,8,48,11,7,31,0,61,832,7,Texas A&M
79,2017,4,118,Mack Hollins,WR,23,PHI,2017,2019,0,0,0,3,32,3,,,,26,351,1,North Carolina
80,2017,4,128,Josh Malone,WR,21,CIN,2017,2019,0,0,1,1,22,7,2,2,0,7,75,1,Tennessee
81,2017,4,133,Ryan Switzer,WR,22,DAL,2017,2019,0,0,0,3,41,1,10,26,0,50,321,1,North Carolina
82,2017,4,139,Jehu Chesson,WR,23,KAN,2017,2018,0,0,0,0,24,1,1,-4,0,3,25,0,Michigan
83,2017,4,141,Chad Hansen,WR,22,NYJ,2017,2017,0,0,0,1,15,1,,,,9,94,0,California
84,2017,5,166,Shelton Gibson,WR,22,PHI,2017,2018,0,0,0,0,20,0,,,,3,59,0,West Virginia
85,2017,5,170,Rodney Adams,WR,22,MIN,2017,2017,0,0,0,0,1,0,,,,,,,South Florida
86,2017,5,172,Isaiah McKenzie,WR,22,DEN,2017,2019,0,0,1,4,34,9,19,119,2,49,462,1,Georgia
87,2017,5,175,DeAngelo Yancey,WR,22,GNB,,,0,0,0,,,,,,,,,,Purdue
88,2017,5,177,Trent Taylor,WR,23,SFO,2017,2018,0,0,0,5,29,1,,,,69,645,3,Louisiana Tech
89,2017,6,209,Robert Davis,WR,22,WAS,2017,2019,0,0,0,0,7,3,,,,2,17,0,Georgia St.
90,2017,7,219,Stacy Coley,WR,23,MIN,2017,2018,0,0,0,0,7,0,,,,,,,Miami (FL)
91,2017,7,226,David Moore,WR,22,SEA,2017,2019,0,0,1,7,31,8,4,30,0,43,746,7,East Central (OK)
92,2017,7,237,Isaiah Ford,WR,21,MIA,2018,2019,0,0,0,2,9,0,1,11,0,23,244,0,Virginia Tech
93,2017,7,239,Noah Brown,WR,21,DAL,2017,2018,0,0,0,0,21,3,,,,9,87,0,Ohio St.
94,2017,7,247,Malachi Dupre,WR,21,GNB,2018,2018,0,0,0,0,1,0,,,,,,,LSU
95,2016,1,15,Corey Coleman,WR,22,CLE,2016,2018,0,0,2,6,27,19,3,15,0,61,789,5,Baylor
96,2016,1,21,Will Fuller,WR,22,HOU,2016,2019,0,0,4,18,42,41,3,6,0,156,2231,16,Notre Dame
97,2016,1,22,Josh Doctson,WR,23,WAS,2016,2019,0,0,2,9,34,26,1,-14,0,81,1100,8,TCU
98,2016,1,23,Laquon Treadwell,WR,21,MIN,2016,2019,0,0,2,6,53,16,,,,65,701,2,Mississippi
99,2016,2,40,Sterling Shepard,WR,23,NYG,2016,2019,0,0,4,21,53,52,16,140,0,247,2862,17,Oklahoma
100,2016,2,47,Michael Thomas,WR,23,NOR,2016,2019,2,3,4,54,63,57,1,-9,0,470,5512,32,Ohio St.
101,2016,2,55,Tyler Boyd,WR,21,CIN,2016,2019,0,0,2,22,56,32,10,84,0,242,2902,15,Pittsburgh
102,2016,3,85,Braxton Miller,WR,23,HOU,2016,2017,0,0,1,2,21,9,4,1,0,34,261,2,Ohio St.
103,2016,3,86,Leonte Carroo,WR,22,MIA,2016,2018,0,0,0,2,37,2,1,14,0,12,192,2,Rutgers
104,2016,4,107,Chris Moore,WR,23,BAL,2016,2019,0,0,0,4,58,5,11,27,0,47,511,4,Cincinnati
105,2016,4,112,Malcolm Mitchell,WR,24,NWE,2016,2016,0,0,0,4,14,6,,,,32,401,4,Georgia
106,2016,4,114,Ricardo Louis,WR,22,CLE,2016,2017,0,0,1,3,32,12,,,,45,562,0,Auburn
107,2016,4,117,Pharoh Cooper,WR,21,LAR,2016,2019,1,1,0,5,46,5,2,8,0,50,433,1,South Carolina
108,2016,4,126,Demarcus Robinson,WR,21,KAN,2016,2019,0,0,1,10,64,23,,,,75,949,8,Florida
109,2016,5,140,Tajae Sharpe,WR,21,TEN,2016,2019,0,0,3,11,47,29,2,17,0,92,1167,8,Massachusetts
110,2016,5,154,Jordan Payton,WR,23,CLE,2016,2016,0,0,0,0,4,0,,,,1,3,0,UCLA
111,2016,5,163,Trevor Davis,WR,23,GNB,2016,2019,0,0,0,2,43,4,6,86,1,16,205,1,California
112,2016,5,165,Tyreek Hill,WR,22,KAN,2016,2019,2,4,3,47,59,42,71,500,4,281,4115,32,West Alabama
113,2016,5,172,Rashard Higgins,WR,21,CLE,2016,2019,0,0,0,6,54,6,1,4,0,76,1016,7,Colorado St.
114,2016,6,180,Moritz Boehringer,WR,22,MIN,,,0,0,0,,,,,,,,,,
115,2016,6,186,Jakeem Grant,WR,23,MIA,2016,2019,0,0,0,9,52,4,9,23,1,53,635,4,Texas Tech
116,2016,6,192,Kolby Listenbee,WR,22,BUF,,,0,0,0,,,,,,,,,,TCU
117,2016,6,199,Cody Core,WR,22,CIN,2016,2019,0,0,0,3,51,7,,,,33,388,1,Mississippi
118,2016,6,206,Mike Thomas,WR,22,LAR,2016,2019,0,0,0,1,40,1,,,,10,144,0,Southern Miss
119,2016,6,213,Aaron Burbridge,WR,22,SFO,2016,2016,0,0,0,1,16,3,,,,7,88,0,Michigan St.
120,2016,7,225,Devin Lucien,WR,23,NWE,,,0,0,0,,,,,,,,,,Arizona St.
121,2016,7,229,Demarcus Ayers,WR,22,PIT,2016,2016,0,0,0,0,2,1,2,-12,0,6,53,1,Houston
122,2016,7,230,Daniel Braverman,WR,22,CHI,2016,2016,0,0,0,0,3,0,,,,,,,West. Michigan
123,2016,7,238,Devin Fuller,WR,22,ATL,,,0,0,0,,,,,,,,,,UCLA
124,2016,7,241,Charone Peake,WR,23,NYJ,2016,2018,0,0,0,1,31,1,,,,22,214,0,Clemson
125,2016,7,243,Kenny Lawler,WR,22,SEA,,,0,0,0,,,,,,,,,,California
126,2015,1,4,Amari Cooper,WR,21,OAK,2015,2019,0,4,5,39,77,72,8,27,0,357,5097,33,Alabama
127,2015,1,7,Kevin White,WR,23,CHI,2016,2018,0,0,0,2,14,5,1,9,0,25,285,0,West Virginia
128,2015,1,14,DeVante Parker,WR,22,MIA,2015,2019,0,0,3,23,70,45,,,,235,3419,18,Louisville
129,2015,1,20,Nelson Agholor,WR,22,PHI,2015,2019,0,0,5,21,71,62,11,60,0,224,2515,18,USC
130,2015,1,26,Breshad Perriman,WR,21,BAL,2016,2019,0,0,0,11,51,10,7,20,0,95,1561,11,Central Florida
131,2015,1,29,Phillip Dorsett,WR,22,IND,2015,2019,0,0,0,14,71,15,13,84,0,124,1634,11,Miami (FL)
132,2015,2,37,Devin Smith,WR,23,NYJ,2015,2019,0,0,0,2,18,5,,,,15,248,2,Ohio St.
133,2015,2,40,Dorial Green-Beckham,WR,22,TEN,2015,2016,0,0,0,7,31,12,,,,68,941,6,Oklahoma
134,2015,3,69,Tyler Lockett,WR,22,SEA,2015,2019,1,1,5,37,79,55,38,256,1,276,3838,27,Kansas St.
135,2015,3,70,Jaelen Strong,WR,21,HOU,2015,2017,0,0,0,2,20,3,,,,31,330,4,Arizona St.
136,2015,3,76,Chris Conley,WR,22,KAN,2015,2019,0,0,3,18,69,48,,,,151,2013,11,Georgia
137,2015,3,87,Sammie Coates,WR,22,PIT,2015,2018,0,0,0,4,45,6,4,14,0,29,528,2,Auburn
138,2015,3,94,Ty Montgomery,WR,22,GNB,2015,2019,0,0,1,15,58,16,224,1035,7,120,982,3,Stanford
139,2015,4,105,Jamison Crowder,WR,22,WAS,2015,2019,0,0,3,25,72,40,16,68,0,299,3461,20,Duke
140,2015,4,107,Justin Hardy,WR,23,ATL,2015,2019,0,0,0,8,73,6,,,,95,946,9,East Carolina
141,2015,4,123,Vince Mayle,WR,24,CLE,2015,2017,0,0,0,0,23,0,2,2,1,,,,Washington St.
142,2015,4,132,DeAndre Smelter,WR,23,SFO,2016,2016,0,0,0,0,2,0,,,,1,23,0,Georgia Tech
143,2015,5,139,Rashad Greene,WR,22,JAX,2015,2018,0,0,0,2,25,1,,,,30,185,2,Florida St.
144,2015,5,146,Stefon Diggs,WR,21,MIN,2015,2019,0,0,5,40,70,63,29,159,0,365,4623,30,Maryland
145,2015,5,156,Tony Lippett,WR,23,MIA,2015,2018,0,0,1,6,28,13,,,,,,,Michigan St.
146,2015,5,159,JJ Nelson,WR,23,ARI,2015,2019,0,0,0,12,58,16,12,120,1,85,1475,11,Ala-Birmingham
147,2015,5,162,Kenny Bell,WR,23,TAM,,,0,0,0,,,,,,,,,,Nebraska
148,2015,5,175,Keith Mumphery,WR,23,HOU,2015,2016,0,0,0,2,27,6,,,,24,198,0,Michigan St.
149,2015,6,184,Kaelin Clay,WR,23,TAM,2015,2018,0,0,0,3,22,2,3,27,0,6,85,0,Utah
150,2015,6,186,Geremy Davis,WR,23,NYG,2015,2019,0,0,0,0,36,1,,,,5,59,0,Connecticut
151,2015,6,187,Evan Spencer,WR,22,WAS,2015,2015,0,0,0,0,1,0,,,,,,,Ohio St.
152,2015,6,201,Bud Sasser,WR,,STL,,,0,0,0,,,,,,,,,,Missouri
153,2015,6,204,Darren Waller,WR,22,BAL,2015,2019,0,0,1,10,38,20,3,26,0,108,1323,5,Georgia Tech
154,2015,7,220,Neal Sterling,WR,23,JAX,2015,2018,0,0,0,2,35,6,,,,24,239,0,Monmouth
155,2015,7,221,Andre Debose,WR,,OAK,,,0,0,0,,,,,,,,,,Florida
156,2015,7,233,Da'Ron Brown,WR,23,KAN,,,0,0,0,,,,,,,,,,Northern Illinois
157,2015,7,234,Dezmin Lewis,WR,22,BUF,2015,2016,0,0,0,0,2,0,,,,,,,Central Arkansas
158,2015,7,238,Mario Alford,WR,23,CIN,2015,2016,0,0,0,0,4,0,,,,1,15,0,West Virginia
159,2015,7,245,Tre McBride,WR,22,TEN,2015,2017,0,0,0,1,17,3,1,8,0,10,152,1,William & Mary
160,2014,1,4,Sammy Watkins,WR,21,BUF,2014,2019,0,0,5,36,76,73,10,73,0,284,4244,31,Clemson
161,2014,1,7,Mike Evans,WR,21,TAM,2014,2019,0,3,6,49,90,89,,,,462,7260,48,Texas A&M
162,2014,1,12,Odell Beckham Jr.,WR,21,NYG,2014,2019,0,3,5,49,75,71,18,84,0,464,6511,48,LSU
163,2014,1,20,Brandin Cooks,WR,20,NOR,2014,2019,0,0,6,51,88,77,46,281,2,402,5730,34,Oregon St.
164,2014,1,28,Kelvin Benjamin,WR,23,CAR,2014,2018,0,0,4,22,61,52,,,,209,3021,20,Florida St.
165,2014,2,39,Marqise Lee,WR,22,JAX,2014,2019,0,0,2,17,59,30,16,100,0,174,2184,8,USC
166,2014,2,42,Jordan Matthews,WR,22,PHI,2014,2019,0,0,3,23,73,47,,,,274,3288,22,Vanderbilt
167,2014,2,45,Paul Richardson,WR,22,SEA,2014,2019,0,0,3,14,64,29,4,14,0,143,1809,12,Colorado
168,2014,2,53,Davante Adams,WR,21,GNB,2014,2019,0,3,6,41,86,79,,,,431,5194,44,Fresno St.
169,2014,2,56,Cody Latimer,WR,21,DEN,2014,2019,0,0,0,6,66,15,2,1,0,70,935,6,Indiana
170,2014,2,61,Allen Robinson,WR,21,JAX,2014,2019,0,1,4,33,72,68,2,11,0,355,4749,33,Penn St.
171,2014,2,63,Jarvis Landry,WR,21,MIA,2014,2019,0,5,6,44,96,87,30,189,2,564,6188,32,LSU
172,2014,3,86,Josh Huff,WR,22,PHI,2014,2016,0,0,0,6,37,6,5,22,0,51,523,4,Oregon
173,2014,3,90,Donte Moncrief,WR,21,IND,2014,2019,0,0,3,18,77,43,5,16,0,204,2561,21,Mississippi
174,2014,3,91,John Brown,WR,24,ARI,2014,2019,0,0,4,33,87,57,13,47,0,287,4290,28,Pittsburg St.
175,2014,3,97,Dri Archer,WR,23,PIT,2014,2015,0,0,0,0,20,0,10,40,0,7,23,0,Kent St.
176,2014,4,104,Jalen Saunders,WR,21,NYJ,2014,2014,0,0,0,0,15,0,,,,1,7,0,Oklahoma
177,2014,4,106,Bruce Ellington,WR,23,SFO,2014,2018,0,0,0,7,44,9,11,54,1,79,769,5,South Carolina
178,2014,4,115,Shaquelle Evans,WR,23,NYJ,2014,2014,0,0,0,0,0,,,,,,,,UCLA
179,2014,4,118,Martavis Bryant,WR,22,PIT,2014,2018,0,0,1,19,44,18,17,94,1,145,2183,17,Clemson
180,2014,4,123,Kevin Norwood,WR,24,SEA,2014,2015,0,0,0,1,10,2,,,,9,102,0,Alabama
181,2014,5,142,Ryan Grant,WR,23,WAS,2014,2019,0,0,1,10,80,26,,,,123,1333,7,Tulane
182,2014,5,146,Devin Street,WR,23,DAL,2014,2016,0,0,0,1,35,2,,,,10,152,1,Pittsburgh
183,2014,5,176,Jared Abbrederis,WR,23,GNB,2014,2017,0,0,0,1,21,0,,,,13,163,0,Wisconsin
184,2014,6,185,Robert Herron,WR,22,TAM,2014,2014,0,0,0,0,8,0,1,0,0,6,58,1,Wyoming
185,2014,6,189,T.J. Jones,WR,22,DET,2014,2019,0,0,0,6,45,9,1,-3,0,67,852,5,Notre Dame
186,2014,6,190,Matt Hazel,WR,22,MIA,2014,2017,0,0,0,0,9,1,,,,1,1,0,Coastal Carolina
187,2014,6,196,Walt Powell,WR,22,ARI,2014,2016,0,0,0,1,15,2,,,,14,142,0,Murray St.
188,2014,6,209,Quincy Enunwa,WR,22,NYJ,2014,2019,0,0,2,13,41,30,2,12,0,119,1617,5,Nebraska
189,2014,7,218,Michael Campanaro,WR,23,BAL,2014,2017,0,0,0,4,24,0,10,131,1,31,310,2,Wake Forest
190,2014,7,236,Jeff Janis,WR,23,GNB,2014,2017,0,0,0,2,51,1,2,38,1,17,200,1,Saginaw Valley St.
191,2014,7,239,James Wright,WR,22,CIN,2014,2016,0,0,0,2,24,2,5,24,0,18,197,0,LSU
192,2014,7,240,Tevin Reese,WR,23,SDG,2014,2014,0,0,0,0,0,,,,,,,,Baylor
193,2014,7,244,Jeremy Gallon,WR,24,NWE,,,0,0,0,,,,,,,,,,Michigan
194,2013,1,8,Tavon Austin,WR,23,STL,2013,2019,0,0,4,25,96,50,196,1340,10,215,2006,15,West Virginia
195,2013,1,27,DeAndre Hopkins,WR,21,HOU,2013,2019,3,4,7,59,110,110,3,11,0,632,8602,54,Clemson
196,2013,1,29,Cordarrelle Patterson,WR,22,MIN,2013,2019,3,3,2,26,111,33,103,785,7,195,1955,10,Tennessee
197,2013,2,34,Justin Hunter,WR,22,TEN,2013,2018,0,0,1,9,60,19,,,,85,1349,13,Tennessee
198,2013,2,41,Robert Woods,WR,21,BUF,2013,2019,0,0,7,45,100,90,42,306,2,435,5585,25,USC
199,2013,2,59,Aaron Dobson,WR,22,NWE,2013,2015,0,0,1,6,24,13,,,,53,698,4,Marshall
200,2013,3,74,Terrance Williams,WR,23,DAL,2013,2018,0,0,4,28,83,68,5,19,0,232,3377,20,Baylor
201,2013,3,76,Keenan Allen,WR,21,SDG,2013,2019,0,3,6,50,86,82,14,100,0,524,6405,34,California
202,2013,3,78,Marquise Goodwin,WR,22,BUF,2013,2019,0,0,3,18,75,40,15,89,0,140,2323,13,Texas
203,2013,3,79,Markus Wheaton,WR,22,PIT,2013,2018,0,0,2,13,59,22,4,19,0,110,1559,8,Oregon St.
204,2013,3,92,Stedman Bailey,WR,22,STL,2013,2015,0,0,0,7,38,8,3,46,1,59,843,2,West Virginia
205,2013,4,101,Ace Sanders,WR,21,JAX,2013,2014,0,0,0,3,27,4,2,4,0,57,539,1,South Carolina
206,2013,4,102,Josh Boyce,WR,22,NWE,2013,2014,0,0,0,1,10,3,,,,9,121,0,TCU
207,2013,4,123,Chris Harper,WR,23,SEA,2013,2014,0,0,0,0,4,0,,,,,,,Kansas St.
208,2013,4,128,Quinton Patton,WR,23,SFO,2013,2016,0,0,1,7,40,18,3,51,0,73,880,1,Louisiana Tech
209,2013,5,135,Denard Robinson,WR,22,JAX,2013,2016,0,0,1,8,55,13,263,1058,5,47,310,0,Michigan
210,2013,5,144,Kenny Stills,WR,21,NOR,2013,2019,0,0,5,33,107,77,4,8,0,299,4699,36,Oklahoma
211,2013,5,161,Tavarres King,WR,23,DEN,2014,2017,0,0,0,2,17,3,2,3,0,22,303,3,Georgia
212,2013,6,171,Corey Fuller,WR,23,DET,2014,2015,0,0,0,3,28,2,,,,18,288,1,Virginia Tech
213,2013,6,174,Ryan Swope,WR,22,ARI,,,0,0,0,,,,,,,,,,Texas A&M
214,2013,6,186,Justin Brown,WR,22,PIT,2014,2014,0,0,0,1,8,1,,,,12,94,0,Oklahoma
215,2013,6,195,Alan Bonner,WR,22,HOU,2014,2014,0,0,0,0,0,,,,,,,,Jacksonville St.
216,2013,6,197,Cobi Hamilton,WR,22,CIN,2014,2017,0,0,1,2,14,10,,,,18,242,2,Arkansas
217,2013,7,209,Brice Butler,WR,23,OAK,2013,2018,0,0,0,9,69,8,,,,79,1237,9,San Diego St.
218,2013,7,216,Charles Johnson,WR,24,GNB,2014,2016,0,0,0,7,39,17,1,-11,0,60,834,2,Grand Valley St.
219,2013,7,224,Kevin Dorsey,WR,23,GNB,2014,2014,0,0,0,0,3,0,,,,1,4,0,Maryland
220,2013,7,236,Marquess Wilson,WR,20,CHI,2013,2016,0,0,0,6,31,14,,,,56,777,3,Washington St.
221,2013,7,238,Aaron Mellette,WR,23,BAL,,,0,0,0,,,,,,,,,,Elon
222,2012,1,5,Justin Blackmon,WR,22,JAX,2012,2014,0,0,1,9,20,18,3,22,0,93,1280,6,Oklahoma St.
223,2012,1,13,Michael Floyd,WR,22,ARI,2012,2018,0,0,3,28,102,51,1,2,0,266,3959,25,Notre Dame
224,2012,1,20,Kendall Wright,WR,22,TEN,2012,2017,0,0,3,28,82,45,11,90,0,339,3858,19,Baylor
225,2012,1,30,A.J. Jenkins,WR,22,SFO,2012,2014,0,0,0,2,28,3,4,4,0,17,223,0,Illinois
226,2012,2,33,Brian Quick,WR,23,STL,2012,2018,0,0,0,11,84,28,,,,114,1593,10,Appalachian St.
227,2012,2,43,Stephen Hill,WR,21,NYJ,2012,2014,0,0,2,4,23,19,,,,45,594,4,Georgia Tech
228,2012,2,45,Alshon Jeffery,WR,22,CHI,2012,2019,0,1,8,49,102,95,23,140,1,469,6671,45,South Carolina
229,2012,2,54,Ryan Broyles,WR,24,DET,2012,2014,0,0,0,3,21,6,,,,32,420,2,Oklahoma
230,2012,2,63,Rueben Randle,WR,21,NYG,2012,2015,0,0,2,21,64,33,,,,188,2644,20,LSU
231,2012,3,68,DeVier Posey,WR,22,HOU,2012,2014,0,0,0,2,26,1,1,-3,0,22,272,0,Ohio St.
232,2012,3,69,T.J. Graham,WR,23,BUF,2012,2015,0,0,1,7,47,18,5,19,0,61,794,4,North Carolina St.
233,2012,3,83,Mohamed Sanu,WR,23,CIN,2012,2019,0,0,5,38,118,92,41,223,2,403,4507,26,Rutgers
234,2012,3,92,T.Y. Hilton,WR,22,IND,2012,2019,0,4,7,66,118,97,9,55,0,552,8598,45,Florida International
235,2012,4,96,Chris Givens,WR,22,STL,2012,2015,0,0,2,12,60,31,11,42,0,107,1779,5,Wake Forest
236,2012,4,100,Travis Benjamin,WR,22,CLE,2012,2019,0,0,2,25,101,37,36,268,0,208,3143,19,Miami (FL)
237,2012,4,104,Joe Adams,WR,22,CAR,2012,2012,0,0,0,0,9,0,3,13,0,1,7,0,Arkansas
238,2012,4,107,Devon Wylie,WR,24,KAN,2012,2014,0,0,0,0,8,1,,,,6,53,0,Fresno St.
239,2012,4,118,Jarius Wright,WR,22,MIN,2012,2019,0,0,1,23,111,30,11,143,0,224,2782,11,Arkansas
240,2012,4,121,Keshawn Martin,WR,22,HOU,2012,2016,0,0,1,7,58,10,5,59,0,62,685,5,Michigan St.
241,2012,4,122,Nick Toon,WR,23,NOR,2012,2015,0,0,0,3,17,5,1,4,0,21,283,1,Wisconsin
242,2012,4,134,Greg Childs,WR,22,MIN,2012,2012,0,0,0,0,,,,,,,,,Arkansas
243,2012,5,152,Danny Coale,WR,24,DAL,2012,2012,0,0,0,0,,,,,,,,,Virginia Tech
244,2012,5,166,Marvin Jones,WR,22,CIN,2012,2019,0,0,5,40,96,72,19,148,0,347,5047,42,California
245,2012,5,168,Juron Criner,WR,22,OAK,2012,2014,0,0,0,1,13,0,,,,19,183,1,Arizona
246,2012,6,183,B.J. Cunningham,WR,23,MIA,2012,2014,0,0,0,0,2,0,,,,,,,Michigan St.
247,2012,6,194,Marvin McNutt,WR,23,PHI,2012,2014,0,0,0,0,5,0,,,,,,,Iowa
248,2012,6,198,Tommy Streeter,WR,22,BAL,2012,2014,0,0,0,0,2,0,,,,,,,Miami (FL)
249,2012,6,206,LaVon Brazill,WR,23,IND,2012,2013,0,0,0,3,25,0,,,,23,347,3,Ohio
250,2012,7,227,Rishard Matthews,WR,22,MIA,2012,2018,0,0,4,24,87,38,3,4,0,230,3160,21,Nevada
251,2012,7,231,Toney Clemons,WR,23,PIT,2012,2012,0,0,0,0,4,0,,,,3,41,0,Colorado
252,2012,7,235,Jeremy Ebert,WR,23,NWE,2012,2013,0,0,0,0,5,0,,,,3,18,0,Northwestern
253,2012,7,238,Junior Hemingway,WR,23,KAN,2012,2014,0,0,0,2,31,3,,,,25,233,2,Michigan
254,2012,7,244,Jordan White,WR,24,NYJ,2012,2012,0,0,0,0,3,0,,,,1,13,0,West. Michigan
255,2011,1,4,A.J. Green,WR,23,CIN,2011,2018,0,7,8,68,111,111,11,93,0,602,8907,63,Georgia
256,2011,1,6,Julio Jones,WR,22,ATL,2011,2019,2,7,8,94,126,125,19,118,0,797,12125,57,Alabama
257,2011,1,26,Jonathan Baldwin,WR,22,KAN,2011,2013,0,0,1,4,33,11,,,,44,607,2,Pittsburgh
258,2011,2,44,Titus Young,WR,22,DET,2011,2012,0,0,2,8,26,17,4,31,0,81,990,10,Boise St.
259,2011,2,58,Torrey Smith,WR,22,BAL,2011,2018,0,0,7,38,119,106,8,45,0,319,5141,41,Maryland
260,2011,2,59,Greg Little,WR,22,CLE,2011,2014,0,0,3,13,54,42,5,30,0,161,1890,8,North Carolina
261,2011,2,64,Randall Cobb,WR,21,GNB,2011,2019,0,1,5,58,120,79,62,363,0,525,6352,44,Kentucky
262,2011,3,78,Austin Pettis,WR,23,STL,2011,2014,0,0,0,8,51,11,1,-6,0,107,1034,9,Boise St.
263,2011,3,79,Leonard Hankerson,WR,23,WAS,2011,2015,0,0,1,11,41,14,2,5,0,107,1408,9,Miami (FL)
264,2011,3,82,Vincent Brown,WR,22,SDG,2011,2015,0,0,1,9,38,16,,,,73,941,3,San Diego St.
265,2011,3,83,Jerrel Jernigan,WR,22,NYG,2011,2014,0,0,0,2,34,4,4,61,1,38,391,2,Troy
266,2011,4,107,Kris Durham,WR,23,SEA,2011,2014,0,0,1,5,27,16,,,,55,699,3,Georgia
267,2011,4,111,Clyde Gates,WR,25,MIA,2011,2013,0,0,0,3,32,4,2,16,0,30,365,0,Abilene Christian
268,2011,4,112,Greg Salas,WR,23,STL,2011,2016,0,0,0,4,29,3,2,28,1,50,704,1,Hawaii
269,2011,4,114,Cecil Shorts,WR,23,JAX,2011,2016,0,0,4,19,70,43,11,43,0,229,2979,14,Mount Union
270,2011,4,123,Tandon Doss,WR,21,BAL,2011,2014,0,0,0,4,35,2,,,,26,428,1,Indiana
271,2011,5,132,Kealoha Pilares,WR,23,CAR,2011,2012,0,0,0,1,20,0,1,17,0,2,42,1,Hawaii
272,2011,5,148,Denarius Moore,WR,22,OAK,2011,2015,0,0,3,15,56,37,7,57,1,142,2169,17,Tennessee
273,2011,5,153,Jeremy Kerley,WR,22,NYJ,2011,2018,0,0,4,23,99,40,18,133,0,270,3116,13,TCU
274,2011,5,155,Niles Paul,WR,22,WAS,2011,2018,0,0,1,7,88,27,5,7,0,78,954,2,Nebraska
275,2011,6,167,Ryan Whalen,WR,22,CIN,2011,2013,0,0,0,0,17,0,,,,11,80,0,Stanford
276,2011,6,176,Dwayne Harris,WR,23,DAL,2011,2019,0,1,0,12,106,12,9,37,0,77,874,8,East Carolina
277,2011,6,178,Aldrick Robinson,WR,22,WAS,2012,2018,0,0,0,12,84,5,4,10,0,86,1422,14,SMU
278,2011,6,182,Ronald Johnson,WR,23,SFO,2012,2012,0,0,0,0,,,,,,,,,USC
279,2011,7,227,Scotty McKnight,WR,23,NYJ,,,0,0,0,,,,,,,,,,Colorado
280,2011,7,236,Stephen Burton,WR,21,MIN,2011,2013,0,0,0,0,19,3,1,-9,0,15,149,1,Long Beach CC
281,2011,7,241,David Ausberry,WR,23,OAK,2011,2014,0,0,0,1,34,0,1,-2,0,11,120,0,USC
282,2011,7,249,DeMarco Sampson,WR,25,ARI,2011,2011,0,0,0,0,12,0,,,,3,36,0,San Diego St.
283,2010,1,22,Demaryius Thomas,WR,22,DEN,2010,2019,0,4,8,69,143,128,3,6,0,724,9763,63,Georgia Tech
284,2010,1,24,Dez Bryant,WR,21,DAL,2010,2017,1,3,7,61,113,99,6,-3,0,531,7459,73,Oklahoma St.
285,2010,2,36,Dexter McCluster,WR,21,KAN,2010,2016,0,1,1,21,89,27,250,1042,2,236,1993,7,Mississippi
286,2010,2,39,Arrelious Benn,WR,21,TAM,2010,2017,0,0,2,8,61,24,15,44,0,65,990,6,Illinois
287,2010,2,60,Golden Tate,WR,22,SEA,2010,2019,0,1,7,56,148,111,44,216,0,660,7890,44,Notre Dame
288,2010,3,77,Damian Williams,WR,22,TEN,2010,2014,0,0,1,9,57,17,1,5,0,107,1327,5,USC
289,2010,3,78,Brandon LaFell,WR,23,CAR,2010,2018,0,0,5,43,125,90,11,130,0,406,5398,31,LSU
290,2010,3,82,Emmanuel Sanders,WR,23,PIT,2010,2019,0,2,7,55,144,104,18,159,1,601,7893,42,SMU
291,2010,3,84,Jordan Shipley,WR,24,CIN,2010,2012,0,0,0,7,24,6,,,,79,858,4,Texas
292,2010,3,87,Eric Decker,WR,23,DEN,2010,2017,0,0,5,46,111,83,1,1,0,439,5816,53,Minnesota
293,2010,3,88,Andre Roberts,WR,22,ARI,2010,2019,1,2,2,23,148,41,12,104,0,257,3010,15,The Citadel
294,2010,3,89,Armanti Edwards,WR,22,CAR,2010,2013,0,0,0,1,41,0,3,12,0,6,131,0,Appalachian St.
295,2010,3,90,Taylor Price,WR,22,NWE,2010,2012,0,0,0,1,6,0,,,,5,80,0,Ohio
296,2010,4,99,Mardy Gilyard,WR,23,STL,2010,2012,0,0,0,1,19,2,,,,8,78,0,Cincinnati
297,2010,4,101,Mike Williams,WR,23,TAM,2010,2014,0,0,3,25,63,52,1,3,0,223,3089,26,Syracuse
298,2010,4,107,Marcus Easley,WR,22,BUF,2012,2015,0,0,0,1,42,0,,,,3,71,1,Connecticut
299,2010,4,108,Jacoby Ford,WR,23,OAK,2010,2013,0,0,1,12,38,13,19,201,2,57,848,3,Clemson
300,2010,5,156,David Reed,WR,23,BAL,2010,2013,0,0,0,2,36,0,2,31,0,6,68,0,Utah
19,2010,5,159,Riley Cooper,WR,22,PHI,2010,2015,0,0,3,18,88,54,0,18,0,169,2418,18,Florida
20,2010,5,165,Kerry Meier,WR,23,ATL,2011,2012,0,0,0,0,12,0,,,,,,,Kansas
21,2010,6,177,Carlton Mitchell,WR,22,CLE,2010,2011,0,0,0,0,16,0,1,9,0,3,31,0,South Florida
22,2010,6,191,Dezmon Briscoe,WR,21,CIN,2010,2012,0,0,0,4,25,2,1,1,0,43,502,7,Kansas
23,2010,6,195,Antonio Brown,WR,22,PIT,2010,2019,4,7,7,87,131,103,32,124,0,841,11263,75,Central Michigan
24,2010,6,197,Trindon Holliday,WR,24,HOU,2011,2014,0,0,0,4,33,0,1,7,0,2,17,0,LSU
25,2010,6,198,David Gettis,WR,23,CAR,2010,2012,0,0,1,3,17,13,3,2,0,37,508,3,Baylor
26,2010,6,199,Joe Webb,WR,23,MIN,2010,2018,0,0,0,4,102,4,50,326,4,10,74,0,Ala-Birmingham
27,2010,6,206,Kyle Williams,WR,22,SFO,2010,2014,0,0,0,6,39,9,8,76,0,47,574,4,Arizona St.
28,2010,7,219,Terrence Austin,WR,22,WAS,2010,2011,0,0,0,1,18,0,,,,15,184,0,UCLA
29,2010,7,222,Marc Mariani,WR,23,TEN,2010,2016,0,1,0,5,70,5,2,19,0,27,324,0,Montana
30,2010,7,227,Dorin Dickerson,WR,22,HOU,2010,2013,0,0,0,1,24,0,1,-8,0,11,151,0,Pittsburgh
31,2010,7,255,Tim Toone,WR,25,DET,2012,2012,0,0,0,0,,,,,,,,,Weber St.
1,2009,1,7,Darrius Heyward-Bey,WR,22,OAK,2009,2018,0,0,5,22,144,71,15,194,2,202,2897,16,Maryland
2,2009,1,10,Michael Crabtree,WR,21,SFO,2009,2019,0,0,10,53,143,139,3,18,0,637,7499,54,Texas Tech
3,2009,1,19,Jeremy Maclin,WR,21,PHI,2009,2017,0,0,8,51,114,112,10,43,0,514,6835,49,Missouri
4,2009,1,22,Percy Harvin,WR,21,MIN,2009,2016,0,1,4,43,75,61,146,927,5,353,4026,22,Florida
5,2009,1,29,Hakeem Nicks,WR,21,NYG,2009,2015,0,0,4,40,92,67,2,8,0,356,5081,31,North Carolina
6,2009,1,30,Kenny Britt,WR,20,TEN,2009,2017,0,0,5,35,116,76,2,14,0,329,5137,32,Rutgers
7,2009,2,36,Brian Robiskie,WR,21,CLE,2009,2013,0,0,1,3,38,14,,,,43,485,4,Ohio St.
8,2009,2,50,Mohamed Massaquoi,WR,22,CLE,2009,2012,0,0,3,12,54,43,2,-6,0,118,1745,7,Georgia
9,2009,3,82,Derrick Williams,WR,23,DET,2009,2010,0,0,0,0,18,1,1,4,0,9,82,0,Penn St.
10,2009,3,83,Brandon Tate,WR,21,NWE,2009,2018,0,0,1,16,127,20,13,142,0,71,1099,7,North Carolina
11,2009,3,84,Mike Wallace,WR,23,PIT,2009,2018,0,1,8,57,144,124,34,241,0,538,8072,57,Mississippi
12,2009,3,85,Ramses Barden,WR,23,NYG,2009,2012,0,0,0,4,29,1,,,,29,394,0,Cal Poly-San Luis Obispo
13,2009,3,87,Patrick Turner,WR,22,MIA,2009,2012,0,0,0,1,24,1,,,,10,122,1,USC
14,2009,3,91,Deon Butler,WR,23,SEA,2009,2012,0,0,1,4,35,8,2,6,0,57,611,4,Penn St.
15,2009,3,99,Juaquin Iglesias,WR,22,CHI,2009,2009,0,0,0,0,1,0,,,,,,,Oklahoma
16,2009,4,107,Mike Thomas,WR,22,JAX,2009,2012,0,0,2,21,61,32,34,268,0,176,1796,7,Arizona
17,2009,4,108,Brian Hartline,WR,22,MIA,2009,2015,0,0,5,32,104,73,7,65,1,344,4766,14,Ohio St.
18,2009,4,124,Louis Murphy,WR,22,OAK,2009,2017,0,0,1,18,95,35,14,146,1,170,2443,11,Florida
19,2009,4,127,Austin Collie,WR,23,IND,2009,2013,0,0,0,18,49,17,2,1,0,179,1908,16,BYU
20,2009,5,140,Johnny Knox,WR,22,CHI,2009,2012,0,1,2,19,45,27,1,2,0,133,2214,12,Abilene Christian
21,2009,5,141,Kenny McKinley,WR,22,DEN,2009,2009,0,0,0,0,8,0,,,,,,,South Carolina
22,2009,5,144,Jarett Dillard,WR,23,JAX,2009,2011,0,0,0,3,21,5,,,,35,398,1,Rice
23,2009,5,160,Brooks Foster,WR,23,STL,,,0,0,0,,,,,,,,,,North Carolina
24,2009,6,175,Quinten Lawrence,WR,24,KAN,2009,2009,0,0,0,0,6,1,2,42,0,1,9,0,McNeese St.
25,2009,6,194,Brandon Gibson,WR,22,PHI,2009,2014,0,0,3,17,76,46,5,44,0,233,2711,13,Washington St.
26,2009,6,206,Dominique Edison,WR,23,TEN,2009,2009,0,0,0,0,5,0,,,,,,,S.F. Austin
27,2009,7,224,Demetrius Byrd,WR,,SDG,,,0,0,0,,,,,,,,,,LSU
28,2009,7,229,Manuel Johnson,WR,22,DAL,2010,2010,0,0,0,0,2,0,,,,1,6,0,Oklahoma
29,2009,7,232,Julian Edelman,WR,23,NWE,2009,2019,0,0,7,59,131,84,56,391,0,599,6507,36,Kent St.
30,2009,7,233,Sammie Stroughter,WR,23,TAM,2009,2012,0,0,0,5,33,4,1,2,0,60,639,1,Oregon St.
31,2009,7,243,Marko Mitchell,WR,24,WAS,2009,2009,0,0,0,0,10,0,,,,4,32,0,Nevada
32,2009,7,251,Derek Kinder,WR,,CHI,,,0,0,0,,,,,,,,,,Pittsburgh
33,2009,7,252,Freddie Brown,WR,,CIN,,,0,0,0,,,,,,,,,,Utah
34,2009,7,253,Tiquan Underwood,WR,22,JAX,2009,2013,0,0,1,9,45,10,1,1,0,63,1006,6,Rutgers
35,2008,2,33,Donnie Avery,WR,24,STL,2008,2014,0,0,4,21,77,60,20,114,1,218,2861,14,Houston
36,2008,2,34,Devin Thomas,WR,21,WAS,2008,2011,0,0,1,4,55,11,6,51,1,43,482,3,Michigan St.
37,2008,2,36,Jordy Nelson,WR,23,GNB,2008,2018,0,1,7,73,151,102,1,-2,0,613,8587,72,Kansas St.
38,2008,2,41,James Hardy,WR,22,BUF,2008,2009,0,0,0,1,16,3,,,,10,96,2,Indiana
39,2008,2,42,Eddie Royal,WR,22,DEN,2008,2016,0,0,6,35,116,71,35,275,0,408,4357,28,Virginia Tech
40,2008,2,46,Jerome Simpson,WR,22,CIN,2008,2015,0,0,3,17,62,37,1,2,0,150,2058,9,Coastal Carolina
41,2008,2,49,DeSean Jackson,WR,21,PHI,2008,2019,0,3,11,73,156,149,70,447,4,598,10420,55,California
42,2008,2,51,Malcolm Kelly,WR,21,WAS,2008,2009,0,0,1,3,21,10,,,,28,365,0,Oklahoma
43,2008,2,53,Limas Sweed,WR,23,PIT,2008,2009,0,0,0,1,20,0,,,,7,69,0,Texas
44,2008,2,58,Dexter Jackson,WR,22,TAM,2008,2008,0,0,0,0,7,0,,,,,,,Appalachian St.
45,2008,3,70,Earl Bennett,WR,21,CHI,2008,2013,0,0,1,19,78,29,2,9,0,185,2277,12,Vanderbilt
46,2008,3,81,Early Doucet,WR,22,ARI,2008,2012,0,0,0,10,54,14,4,14,0,139,1491,7,LSU
47,2008,3,84,Harry Douglas,WR,23,ATL,2008,2017,0,0,2,31,118,40,18,65,1,310,3759,10,Louisville
48,2008,3,95,Mario Manningham,WR,22,NYG,2008,2014,0,0,4,23,67,41,5,54,0,211,2849,19,Michigan
49,2008,3,97,Andre Caldwell,WR,23,CIN,2008,2015,0,0,0,12,105,18,12,97,0,156,1509,11,Florida
50,2008,4,105,Will Franklin,WR,22,KAN,2008,2008,0,0,0,1,13,1,,,,7,83,0,Missouri
51,2008,4,106,Marcus Smith,WR,23,BAL,2008,2010,0,0,0,0,21,0,,,,,,,New Mexico
52,2008,4,125,Arman Shields,WR,23,OAK,,,0,0,0,,,,,,,,,,Richmond
53,2008,4,126,Lavelle Hawkins,WR,22,TEN,2008,2013,0,0,0,7,56,4,,,,71,771,1,California
54,2008,4,128,Keenan Burton,WR,23,STL,2008,2009,0,0,1,3,22,7,3,8,0,38,425,1,Kentucky
55,2008,5,136,Kenny Moore,WR,23,DET,2009,2010,0,0,0,1,14,1,,,,6,59,0,Wake Forest
56,2008,5,153,Matthew Slater,WR,22,NWE,2008,2019,2,8,0,4,173,3,2,11,0,1,46,0,UCLA
57,2008,6,171,Marcus Henry,WR,22,NYJ,,,0,0,0,,,,,,,,,,Kansas
58,2008,6,174,Josh Morgan,WR,23,SFO,2008,2014,0,0,5,21,93,61,14,146,0,209,2558,12,Virginia Tech
59,2008,6,182,Kevin Robinson,WR,23,KAN,2008,2008,0,0,0,0,8,0,,,,,,,Utah St.
60,2008,6,191,Paul Hubbard,WR,23,CLE,2010,2010,0,0,0,0,1,1,,,,1,8,0,Wisconsin
61,2008,6,193,Jaymar Johnson,WR,24,MIN,2009,2011,0,0,0,0,7,0,,,,1,9,0,Jackson St.
62,2008,6,205,Pierre Garcon,WR,22,IND,2008,2018,0,0,10,54,148,131,12,72,0,628,7854,38,Mount Union
63,2008,7,215,Justin Harper,WR,23,BAL,2009,2009,0,0,0,0,2,0,,,,,,,Virginia Tech
64,2008,7,217,Brett Swain,WR,23,GNB,2009,2011,0,0,0,1,27,2,,,,8,87,0,San Diego St.
65,2008,7,224,Steve Johnson,WR,21,BUF,2008,2015,0,0,5,33,99,67,2,16,0,381,4764,34,Kentucky
66,2008,7,226,Chaz Schilens,WR,22,OAK,2008,2012,0,0,1,7,59,25,1,-2,0,100,1191,9,San Diego St.
67,2008,7,237,Adrian Arrington,WR,22,NOR,2010,2012,0,0,0,1,5,0,,,,9,110,0,Michigan
68,2008,7,246,Mario Urrutia,WR,22,CIN,,,0,0,0,,,,,,,,,,Louisville
69,2008,7,248,Marcus Monk,WR,22,CHI,,,0,0,0,,,,,,,,,,Arkansas
70,2007,1,2,Calvin Johnson,WR,21,DET,2007,2015,3,6,9,78,135,130,19,167,1,731,11619,83,Georgia Tech
71,2007,1,9,Ted Ginn Jr.,WR,22,MIA,2007,2019,0,0,7,52,187,83,68,486,2,409,5702,33,Ohio St.
72,2007,1,23,Dwayne Bowe,WR,22,KAN,2007,2015,0,1,8,49,125,112,2,16,0,537,7208,44,LSU
73,2007,1,27,Robert Meachem,WR,22,NOR,2008,2014,0,0,1,26,103,35,18,127,1,178,2914,27,Tennessee
74,2007,1,30,Craig Davis,WR,21,SDG,2007,2010,0,0,0,7,25,2,4,13,0,51,558,2,LSU
75,2007,1,32,Anthony Gonzalez,WR,22,IND,2007,2011,0,0,1,16,40,12,,,,99,1307,7,Ohio St.
76,2007,2,44,Sidney Rice,WR,21,MIN,2007,2013,0,1,3,33,81,57,4,9,0,243,3592,30,South Carolina
77,2007,2,45,Dwayne Jarrett,WR,20,CAR,2007,2010,0,0,0,4,32,3,1,11,0,35,428,1,USC
78,2007,2,51,Steve Smith,WR,22,NYG,2007,2012,0,1,1,23,64,29,,,,245,2641,12,USC
79,2007,3,73,Jacoby Jones,WR,23,HOU,2007,2015,1,1,2,30,128,33,19,62,0,203,2733,14,Lane
80,2007,3,74,Yamon Figurs,WR,24,BAL,2007,2010,0,0,0,2,34,0,3,-7,0,5,103,1,Kansas St.
81,2007,3,75,Laurent Robinson,WR,22,ATL,2007,2012,0,0,1,16,59,28,2,-14,0,167,2110,15,Illinois St.
82,2007,3,76,Jason Hill,WR,22,SFO,2007,2012,0,0,1,9,54,13,2,5,0,78,1043,9,Washington St.
83,2007,3,78,James Jones,WR,23,GNB,2007,2015,0,0,4,45,136,72,,,,433,5861,51,San Jose St.
84,2007,3,79,Mike Sims-Walker,WR,22,JAX,2008,2011,0,0,2,16,44,32,,,,134,1798,14,Central Florida
85,2007,3,80,Paul Williams,WR,23,TEN,2008,2008,0,0,0,0,5,0,,,,1,7,0,Fresno St.
86,2007,3,99,Johnnie Lee Higgins,WR,23,OAK,2007,2010,0,0,0,9,60,11,7,58,0,57,779,4,Texas-El Paso
87,2007,4,118,Ryne Robinson,WR,22,CAR,2007,2007,0,0,0,0,16,0,,,,4,35,0,Miami (OH)
88,2007,4,128,Chris Davis,WR,23,TEN,2007,2008,0,0,0,0,17,0,2,19,0,7,69,0,Florida St.
89,2007,5,142,Steve Breaston,WR,24,ARI,2007,2012,0,0,3,26,86,43,10,120,0,255,3387,9,Michigan
90,2007,5,146,Aundrae Allison,WR,21,MIN,2007,2008,0,0,0,3,26,0,3,4,0,18,231,0,East Carolina
91,2007,5,157,David Clowney,WR,22,GNB,2008,2010,0,0,0,3,28,3,3,1,0,22,341,1,Virginia Tech
92,2007,5,169,Roy Hall,WR,23,IND,2007,2008,0,0,0,0,7,0,,,,1,9,0,Ohio St.
93,2007,5,172,Legedu Naanee,WR,23,SDG,2007,2012,0,0,2,13,73,21,6,5,0,108,1232,4,Boise St.
94,2007,6,188,Joel Filani,WR,,TEN,,,0,0,0,,,,,,,,,,Texas Tech
95,2007,6,197,Courtney Taylor,WR,23,SEA,2007,2008,0,0,0,1,18,4,,,,14,136,0,Auburn
96,2007,6,210,Jordan Kent,WR,23,SEA,2008,2009,0,0,0,0,14,1,,,,1,5,0,Oregon
97,2007,7,227,Dallas Baker,WR,24,PIT,2008,2008,0,0,0,0,8,0,,,,1,6,0,Florida
98,2007,7,229,John Broussard,WR,23,JAX,2007,2007,0,0,0,2,8,0,,,,4,126,1,San Jose St.
99,2007,7,233,Chandler Williams,WR,,MIN,,,0,0,0,,,,,,,,,,Florida International
100,2007,7,234,Syndric Steptoe,WR,22,CLE,2008,2008,0,0,0,1,16,5,,,,19,182,0,Arizona
101,2007,7,235,Chansi Stuckey,WR,23,NYJ,2008,2011,0,0,0,10,55,10,6,16,1,106,1062,5,Clemson
102,2007,7,249,Derek Stanley,WR,22,STL,2007,2009,0,0,0,1,15,0,2,5,0,6,119,1,Wisconsin–Whitewater
103,2007,7,254,Jonathan Holland,WR,22,OAK,2008,2009,0,0,0,1,17,0,,,,,,,Louisiana Tech
104,2006,1,25,Santonio Holmes,WR,22,PIT,2006,2014,0,0,6,47,112,91,16,89,0,389,6030,36,Ohio St.
105,2006,2,36,Chad Jackson,WR,21,NWE,2006,2008,0,0,0,2,18,1,4,22,0,14,171,3,Florida
106,2006,2,44,Sinorice Moss,WR,22,NYG,2006,2009,0,0,0,4,37,2,1,4,0,39,421,3,Miami (FL)
107,2006,2,52,Greg Jennings,WR,22,GNB,2006,2015,0,2,8,65,143,119,1,-1,0,571,8291,64,West. Michigan
108,2006,3,78,Travis Wilson,WR,22,CLE,2006,2006,0,0,0,0,4,1,,,,2,32,0,Oklahoma
109,2006,3,82,Derek Hagan,WR,21,MIA,2006,2014,0,0,0,12,100,13,,,,148,1734,7,Arizona St.
110,2006,3,84,Brandon Williams,WR,22,SFO,2006,2007,0,0,0,0,23,0,,,,,,,Wisconsin
111,2006,3,90,Maurice Stovall,WR,21,TAM,2006,2012,0,0,0,5,81,12,2,29,0,52,668,3,Notre Dame
112,2006,3,95,Willie Reid,WR,23,PIT,2006,2007,0,0,0,1,7,0,,,,4,54,0,Florida St.
113,2006,4,100,Michael Robinson,WR,23,SFO,2006,2013,0,1,1,7,112,19,115,422,2,75,610,3,Penn St.
114,2006,4,104,Cory Rodgers,WR,,GNB,,,0,0,0,,,,,,,,,,TCU
115,2006,4,109,Jason Avant,WR,23,PHI,2006,2015,0,0,3,30,148,53,2,2,0,346,4118,13,Michigan
116,2006,4,111,Demetrius Williams,WR,23,BAL,2006,2010,0,0,0,9,46,4,,,,63,1008,4,Oregon
117,2006,4,119,Brandon Marshall,WR,22,DEN,2006,2018,1,6,10,84,179,158,20,118,0,970,12351,83,Central Florida
118,2006,4,125,Skyler Green,WR,21,DAL,2006,2008,0,0,0,0,11,0,1,1,0,3,33,0,LSU
119,2006,4,130,Domenik Hixon,WR,21,DEN,2007,2013,0,0,0,17,76,13,3,18,0,109,1460,7,Akron
120,2006,5,144,Marques Hagans,WR,23,STL,2007,2008,0,0,0,1,10,1,3,-2,0,9,108,0,Virginia
121,2006,6,171,Mike Hass,WR,23,NOR,2007,2009,0,0,0,0,2,0,,,,,,,Oregon St.
122,2006,6,172,Jonathan Orr,WR,,TEN,,,0,0,0,,,,,,,,,,Wisconsin
123,2006,6,175,Delanie Walker,WR,22,SFO,2006,2019,0,3,7,39,183,101,16,89,1,504,5888,36,Central Missouri St.
124,2006,6,184,Adam Jennings,WR,23,ATL,2006,2009,0,0,0,0,46,2,1,-4,0,6,62,1,Fresno St.
125,2006,6,190,Jeff Webb,WR,24,KAN,2006,2008,0,0,0,2,31,3,1,5,0,36,382,1,San Diego St.
126,2006,7,209,Ethan Kilmer,WR,23,CIN,2006,2006,0,0,0,2,16,0,,,,,,,Penn St.
127,2006,7,218,Todd Watkins,WR,23,ARI,2008,2009,0,0,0,1,21,1,,,,8,90,0,BYU
128,2006,7,231,Bennie Brazell,WR,,CIN,,,0,0,0,,,,,,,,,,LSU
129,2006,7,233,Devin Aromashodu,WR,22,MIA,2007,2012,0,0,0,10,61,11,,,,78,1193,5,Auburn
130,2006,7,249,Ben Obomanu,WR,22,SEA,2007,2013,0,0,0,10,69,13,4,41,0,88,1217,7,Auburn
131,2006,7,251,David Anderson,WR,23,HOU,2006,2011,0,0,0,7,67,10,,,,88,965,4,Colorado St.
132,2006,7,252,Marques Colston,WR,23,NOR,2006,2015,0,0,7,73,146,106,2,7,0,711,9759,72,Hofstra
133,2006,7,255,Kevin McMahan,WR,,OAK,,,0,0,0,,,,,,,,,,Maine
134,2005,1,3,Braylon Edwards,WR,22,CLE,2005,2012,0,1,5,41,112,93,4,11,0,359,5522,40,Michigan
135,2005,1,7,Troy Williamson,WR,22,MIN,2005,2009,0,0,1,8,49,24,6,58,0,87,1131,4,South Carolina
136,2005,1,10,Mike Williams,WR,21,DET,2005,2011,0,0,2,12,56,30,1,0,0,127,1526,5,USC
137,2005,1,21,Matt Jones,WR,22,JAX,2005,2008,0,0,1,22,54,15,14,36,0,166,2153,15,Arkansas
138,2005,1,22,Mark Clayton,WR,23,BAL,2005,2011,0,0,5,27,83,65,26,118,2,260,3448,14,Oklahoma
139,2005,1,27,Roddy White,WR,23,ATL,2005,2015,1,4,10,88,171,149,9,19,0,808,10863,63,Ala-Birmingham
140,2005,2,35,Reggie Brown,WR,24,PHI,2005,2009,0,0,3,20,72,45,11,68,1,177,2574,17,Georgia
141,2005,2,39,Mark Bradley,WR,23,CHI,2005,2009,0,0,0,10,57,18,2,20,0,92,1283,9,Oklahoma
142,2005,2,55,Roscoe Parrish,WR,23,BUF,2005,2012,0,0,0,14,90,14,14,71,1,134,1502,7,Miami (FL)
143,2005,2,58,Terrence Murphy,WR,22,GNB,2005,2005,0,0,0,0,3,0,,,,5,36,0,Texas A&M
144,2005,2,61,Vincent Jackson,WR,22,SDG,2005,2016,0,3,8,76,155,137,15,161,0,540,9080,57,Northern Colorado
145,2005,3,68,Courtney Roby,WR,22,TEN,2005,2014,0,0,0,3,92,6,3,19,0,26,343,1,Indiana
146,2005,3,83,Chris Henry,WR,22,CIN,2005,2009,0,0,0,16,55,12,,,,119,1826,21,West Virginia
147,2005,3,96,Brandon Jones,WR,23,TEN,2005,2009,0,0,2,12,59,27,6,76,0,113,1398,9,Oklahoma
148,2005,4,114,Jerome Mathis,WR,22,HOU,2005,2007,1,1,0,4,17,0,,,,6,80,1,Hampton
149,2005,4,116,Craphonso Thorpe,WR,22,KAN,2007,2007,0,0,0,1,5,0,,,,12,70,1,Florida St.
150,2005,4,118,Chase Lyman,WR,,NOR,,,0,0,0,,,,,,,,,,California
151,2005,4,131,Fred Gibson,WR,,PIT,,,0,0,0,,,,,,,,,,Georgia
152,2005,4,136,Roydell Williams,WR,24,TEN,2005,2010,0,0,1,10,56,16,2,-17,0,92,1248,6,Tulane
153,2005,5,140,Airese Currie,WR,22,CHI,2006,2006,0,0,0,0,1,0,,,,,,,Clemson
154,2005,5,155,Larry Brackins,WR,,TAM,,,0,0,0,,,,,,,,,,Pearl River CC
155,2005,5,174,Rasheed Marshall,WR,24,SFO,2005,2005,0,0,0,0,12,0,1,-7,0,1,-1,0,West Virginia
156,2005,6,185,Chad Owens,WR,23,JAX,2005,2007,0,0,0,0,6,0,,,,,,,Hawaii
157,2005,6,190,Tab Perry,WR,23,CIN,2005,2007,0,0,0,1,20,1,6,22,1,10,109,1,UCLA
158,2005,6,192,Dante Ridgeway,WR,21,STL,2005,2005,0,0,0,0,8,0,,,,2,26,0,Ball St.
159,2005,6,195,Craig Bragg,WR,,GNB,,,0,0,0,,,,,,,,,,UCLA
160,2005,7,223,Marcus Maxwell,WR,22,SFO,2005,2007,0,0,0,0,9,0,,,,1,5,0,Oregon
161,2005,7,225,Paris Warren,WR,23,TAM,2006,2006,0,0,0,0,8,0,,,,5,63,0,Utah
162,2005,7,226,LeRon McCoy,WR,23,ARI,2005,2005,0,0,0,1,10,4,,,,18,191,1,Indiana (PA)
163,2005,7,240,Harry Williams,WR,23,NYJ,2005,2007,0,0,0,0,3,0,,,,,,,Tuskegee
164,2005,7,253,J.R. Russell,WR,,TAM,,,0,0,0,,,,,,,,,,Louisville
165,2004,1,3,Larry Fitzgerald,WR,21,ARI,2004,2019,1,11,16,92,250,248,20,68,0,1378,17083,120,Pittsburgh
166,2004,1,7,Roy Williams,WR,22,DET,2004,2011,0,1,7,42,115,94,6,17,0,393,5715,44,Texas
167,2004,1,9,Reggie Williams,WR,21,JAX,2004,2008,0,0,3,23,79,53,11,44,0,189,2322,18,Washington
168,2004,1,13,Lee Evans,WR,23,BUF,2004,2011,0,0,7,49,118,104,10,145,0,381,6008,43,Wisconsin
169,2004,1,15,Michael Clayton,WR,21,TAM,2004,2011,0,0,5,22,95,56,18,100,0,223,2955,10,LSU
170,2004,1,29,Michael Jenkins,WR,22,ATL,2004,2012,0,0,6,39,130,79,2,4,0,354,4427,25,Ohio St.
171,2004,1,31,Rashaun Woods,WR,23,SFO,2004,2004,0,0,0,1,14,0,,,,7,160,1,Oklahoma St.
172,2004,2,50,Devery Henderson,WR,22,NOR,2004,2012,0,0,6,36,124,76,18,119,1,245,4377,20,LSU
173,2004,2,54,Darius Watts,WR,22,DEN,2004,2005,0,0,0,4,22,2,5,33,0,33,407,1,Marshall
174,2004,2,62,Keary Colbert,WR,22,CAR,2004,2011,0,0,3,14,75,49,1,6,0,130,1629,8,USC
175,2004,3,77,Derrick Hamilton,WR,22,SFO,2004,2004,0,0,0,0,2,0,,,,,,,Clemson
176,2004,3,78,Bernard Berrian,WR,23,CHI,2004,2011,0,0,5,33,109,70,17,82,0,288,4122,24,Fresno St.
177,2004,3,82,Devard Darling,WR,22,BAL,2004,2008,0,0,1,4,46,10,,,,37,578,4,Washington St.
178,2004,4,99,Carlos Francis,WR,23,OAK,2004,2004,0,0,0,0,5,0,,,,,,,Texas Tech
179,2004,4,105,Samie Parker,WR,23,KAN,2004,2007,0,0,2,13,47,31,4,9,0,110,1529,7,Oregon
180,2004,4,108,Jerricho Cotchery,WR,22,NYJ,2004,2015,0,0,6,52,175,89,22,93,1,524,6623,34,North Carolina St.
181,2004,4,120,Ernest Wilford,WR,25,JAX,2004,2010,0,0,4,22,87,44,,,,156,2145,15,Virginia Tech
182,2004,5,134,Johnnie Morant,WR,22,OAK,2004,2006,0,0,0,0,15,2,,,,8,90,0,Syracuse
183,2004,5,149,Maurice Mann,WR,21,CIN,2006,2006,0,0,0,0,1,0,,,,,,,Nevada
184,2004,5,157,D.J. Hackett,WR,23,SEA,2005,2008,0,0,0,14,42,16,,,,118,1575,9,Colorado
185,2004,5,163,Drew Carter,WR,23,CAR,2005,2007,0,0,0,8,33,9,2,18,0,71,977,8,Ohio St.
186,2004,5,164,P.K. Sam,WR,20,NWE,2004,2004,0,0,0,0,2,0,,,,,,,Florida St.
187,2004,6,168,Jamaar Taylor,WR,23,NYG,2004,2005,0,0,0,1,13,0,1,-8,0,6,146,0,Texas A&M
188,2004,6,171,Triandos Luke,WR,22,DEN,2004,2004,0,0,0,0,10,0,,,,6,52,0,Alabama
189,2004,6,195,Jeris McIntyre,WR,,KAN,,,0,0,0,,,,,,,,,,Auburn
190,2004,6,199,Clarence Moore,WR,21,BAL,2004,2006,0,0,0,2,29,8,,,,29,353,5,Northern Arizona
191,2004,7,206,Mark Jones,WR,23,TAM,2004,2009,0,0,0,0,62,0,,,,3,41,0,Tennessee
192,2004,7,211,Sloan Thomas,WR,22,HOU,2005,2005,0,0,0,0,1,0,,,,,,,Texas
193,2004,7,214,Jonathan Smith,WR,22,BUF,2004,2006,0,0,0,2,18,1,3,12,0,8,77,1,Georgia Tech
194,2004,7,216,Patrick Crayton,WR,25,DAL,2004,2011,0,0,3,33,105,36,6,39,0,247,3650,25,NW Oklahoma St.
195,2004,7,244,Derek Abney,WR,,BAL,,,0,0,0,,,,,,,,,,Kentucky
196,2003,1,2,Charles Rogers,WR,22,DET,2003,2005,0,0,0,4,15,9,2,17,0,36,440,4,Michigan St.
197,2003,1,3,Andre Johnson,WR,22,HOU,2003,2016,2,7,12,95,193,187,23,54,0,1062,14185,70,Miami (FL)
198,2003,1,17,Bryant Johnson,WR,22,ARI,2003,2011,0,0,4,25,139,74,5,-8,0,314,3938,16,Penn St.
199,2003,2,44,Taylor Jacobs,WR,22,WAS,2003,2007,0,0,0,2,56,7,2,-14,0,37,384,2,Florida
200,2003,2,45,Bethel Johnson,WR,24,NWE,2003,2006,0,0,0,8,50,9,7,4,0,39,606,4,Texas A&M
201,2003,2,54,Anquan Boldin,WR,22,ARI,2003,2016,0,3,14,86,202,198,42,229,1,1076,13779,82,Florida St.
202,2003,2,60,Tyrone Calico,WR,22,TEN,2003,2005,0,0,0,5,27,8,1,5,0,42,501,4,Middle Tenn. St.
203,2003,3,65,Kelley Washington,WR,24,CIN,2003,2010,0,0,0,13,91,8,3,5,0,120,1500,12,Tennessee
204,2003,3,71,Nate Burleson,WR,22,MIN,2003,2013,0,0,9,46,135,103,40,257,0,457,5630,39,Nevada
205,2003,3,74,Kevin Curtis,WR,25,STL,2003,2010,0,0,3,26,81,36,9,39,1,253,3297,20,Utah St.
206,2003,3,95,Billy McMullen,WR,23,PHI,2003,2008,0,0,0,5,49,2,,,,52,725,3,Virginia
207,2003,4,106,Shaun McDonald,WR,22,STL,2003,2009,0,0,1,19,88,17,11,16,0,220,2490,11,Arizona St.
208,2003,4,124,Brandon Lloyd,WR,22,SFO,2003,2014,0,1,6,41,142,91,1,-18,0,399,5989,36,Illinois
209,2003,4,127,Sam Aiken,WR,22,BUF,2003,2010,0,0,0,7,95,11,,,,48,684,2,North Carolina
210,2003,5,139,Bobby Wade,WR,22,CHI,2003,2009,0,0,3,22,102,50,22,93,0,244,2858,9,Arizona
211,2003,5,143,Justin Gage,WR,22,CHI,2003,2010,0,0,3,25,100,49,,,,201,2958,16,Missouri
212,2003,5,158,Adrian Madise,WR,23,DEN,2003,2003,0,0,0,0,11,0,1,10,0,2,10,0,TCU
213,2003,5,159,Jon Olinger,WR,,ATL,,,0,0,0,,,,,,,,,,Cincinnati
214,2003,5,167,Doug Gabriel,WR,23,OAK,2003,2006,0,0,1,14,57,12,3,12,0,101,1550,8,Central Florida
215,2003,5,169,J.R. Tolver,WR,,MIA,,,0,0,0,,,,,,,,,,San Diego St.
216,2003,6,175,David Kircus,WR,23,DET,2003,2006,0,0,0,3,28,2,,,,15,308,1,Grand Valley St.
217,2003,6,186,Zuriel Smith,WR,23,DAL,2003,2003,0,0,0,0,9,0,,,,3,46,0,Hampton
218,2003,6,196,LaTarence Dunbar,WR,23,ATL,2003,2003,0,0,0,0,5,0,,,,,,,TCU
219,2003,6,197,Arnaz Battle,WR,23,SFO,2003,2011,0,0,2,18,113,38,22,77,1,178,2150,11,Notre Dame
220,2003,6,199,Willie Ponder,WR,23,NYG,2003,2006,0,0,0,2,38,0,2,0,0,8,38,0,SE Missouri St.
221,2003,6,203,Kareem Kelly,WR,,NOR,,,0,0,0,,,,,,,,,,USC
222,2003,6,211,David Tyree,WR,23,NYG,2003,2009,0,1,0,5,83,5,1,-9,0,54,650,4,Syracuse
223,2003,7,221,Keenan Howry,WR,22,MIN,2003,2005,0,0,0,0,23,1,,,,3,18,0,Oregon
224,2003,7,224,Taco Wallace,WR,22,SEA,2003,2005,0,0,0,0,4,0,,,,,,,Kansas St.
225,2003,7,226,Walter Young,WR,23,CAR,2003,2006,0,0,0,0,9,0,,,,1,17,0,Illinois
226,2003,7,231,Talman Gardner,WR,23,NOR,2003,2004,0,0,0,0,21,2,,,,4,52,0,Florida St.
227,2003,7,253,DeAndrew Rubin,WR,,GNB,,,0,0,0,,,,,,,,,,South Florida
228,2003,7,255,Kevin Walter,WR,22,NYG,2003,2012,0,0,6,36,152,93,13,82,0,356,4379,25,East. Michigan
229,2003,7,256,Carl Ford,WR,22,GNB,2005,2005,0,0,0,0,10,0,,,,,,,Toledo
230,2003,7,260,Travis Anglin,WR,,DET,,,0,0,0,,,,,,,,,,Memphis
231,2003,7,262,Ryan Hoag,WR,,OAK,,,0,0,0,,,,,,,,,,Gustavus Adolphus
232,2002,1,13,Donte' Stallworth,WR,21,NOR,2002,2012,0,0,4,39,115,60,20,98,0,321,4837,35,Tennessee
233,2002,1,19,Ashley Lelie,WR,22,DEN,2002,2008,0,0,4,35,107,59,20,172,0,217,3749,15,Hawaii
234,2002,1,20,Javon Walker,WR,23,GNB,2002,2009,0,1,3,39,83,46,14,132,1,267,4011,31,Florida St.
235,2002,2,33,Jabar Gaffney,WR,21,HOU,2002,2012,0,0,6,42,158,103,9,56,0,447,5690,24,Florida
236,2002,2,36,Josh Reed,WR,22,BUF,2002,2009,0,0,3,28,115,52,14,57,0,311,3575,10,LSU
237,2002,2,46,Tim Carter,WR,22,NYG,2002,2009,0,0,0,9,71,11,11,97,0,81,1090,4,Auburn
238,2002,2,47,Andre' Davis,WR,23,CLE,2002,2009,0,0,1,24,104,33,9,32,0,156,2470,17,Virginia Tech
239,2002,2,48,Reche Caldwell,WR,23,SDG,2002,2007,0,0,1,20,71,29,14,108,0,152,1851,11,Florida
240,2002,2,62,Antwaan Randle El,WR,23,PIT,2002,2010,0,0,4,41,143,71,79,438,0,370,4467,15,Indiana
241,2002,2,63,Antonio Bryant,WR,21,DAL,2002,2009,0,0,6,37,106,82,11,65,0,372,5685,30,Pittsburgh
242,2002,2,65,Deion Branch,WR,23,NWE,2002,2012,0,0,7,52,140,111,8,33,0,518,6644,39,Louisville
243,2002,3,86,Marquis Walker,WR,,TAM,,,0,0,0,,,,,,,,,,Michigan
244,2002,3,87,Cliff Russell,WR,23,WAS,2003,2008,0,0,0,0,23,1,3,15,0,5,45,0,Utah
245,2002,3,95,Eric Crouch,WR,,STL,,,0,0,0,,,,,,,,,,Nebraska
246,2002,4,123,Ron Johnson,WR,22,BAL,2002,2003,0,0,0,1,22,4,,,,11,126,1,Minnesota
247,2002,5,142,Terry Charles,WR,,SDG,,,0,0,0,,,,,,,,,,Portland St.
248,2002,5,144,Herb Haygood,WR,24,DEN,2002,2002,0,0,0,0,4,0,,,,,,,Michigan St.
249,2002,5,149,Jason McAddley,WR,23,ARI,2002,2005,0,0,1,4,34,11,,,,38,578,1,Alabama
250,2002,5,151,Jake Schifino,WR,22,TEN,2003,2004,0,0,0,0,14,0,,,,,,,Akron
251,2002,5,162,Freddie Milons,WR,,PHI,,,0,0,0,,,,,,,,,,Alabama
252,2002,5,170,Sam Simmons,WR,22,MIA,2003,2003,0,0,0,0,11,0,,,,,,,Northwestern
253,2002,6,184,Kahlil Hill,WR,23,ATL,2002,2002,0,0,0,0,1,0,,,,,,,Iowa
254,2002,6,202,Lee Mays,WR,23,PIT,2002,2006,0,0,0,1,49,1,,,,11,154,0,Texas-El Paso
255,2002,6,203,Jamin Elliott,WR,22,CHI,2002,2006,0,0,0,0,3,0,,,,,,,Delaware
256,2002,6,206,Javin Hunter,WR,22,BAL,2002,2002,0,0,0,0,12,3,1,9,0,5,35,0,Notre Dame
257,2002,6,208,DeVeren Johnson,WR,,DAL,,,0,0,0,,,,,,,,,,Sacred Heart
258,2002,7,217,Michael Coleman,WR,,ATL,,,0,0,0,,,,,,,,,,Widener
259,2002,7,222,Kendall Newson,WR,22,JAX,2003,2003,0,0,0,1,6,0,,,,2,55,0,Middle Tenn. St.
260,2002,7,225,Darrell Hill,WR,23,TEN,2002,2004,0,0,0,0,33,0,,,,,,,Northern Illinois
261,2002,7,226,Daryl Jones,WR,23,NYG,2002,2004,0,0,0,1,15,6,1,4,0,8,90,0,Miami (FL)
262,2002,7,235,Ronald Curry,WR,23,OAK,2002,2008,0,0,2,16,76,32,5,3,0,193,2347,13,North Carolina
263,2002,7,249,Rodney Wright,WR,,BUF,,,0,0,0,,,,,,,,,,Fresno St.
264,2002,7,253,David Givens,WR,22,NWE,2002,2006,0,0,2,22,58,32,3,16,0,166,2318,12,Notre Dame
265,2002,7,254,Aaron Lockett,WR,,TAM,,,0,0,0,,,,,,,,,,Kansas St.
266,2001,1,8,David Terrell,WR,22,CHI,2001,2005,0,0,1,11,54,29,4,14,0,128,1602,9,Michigan
267,2001,1,9,Koren Robinson,WR,21,SEA,2001,2008,0,1,4,35,96,70,23,115,1,294,4244,16,North Carolina St.
268,2001,1,15,Rod Gardner,WR,23,WAS,2001,2006,0,0,4,25,91,62,5,24,0,242,3165,23,Clemson
269,2001,1,16,Santana Moss,WR,22,NYJ,2001,2014,0,1,9,73,197,135,51,287,0,732,10283,66,Miami (FL)
270,2001,1,25,Freddie Mitchell,WR,22,PHI,2001,2004,0,0,1,13,63,17,2,-4,0,90,1263,5,UCLA
271,2001,1,30,Reggie Wayne,WR,22,IND,2001,2014,1,6,13,117,211,197,4,0,0,1070,14345,82,Miami (FL)
272,2001,2,33,Quincy Morgan,WR,23,CLE,2001,2006,0,0,4,20,86,52,10,53,0,164,2466,17,Kansas St.
273,2001,2,36,Chad Johnson,WR,23,CIN,2001,2011,2,6,9,87,166,135,24,175,0,766,11059,67,Oregon St.
274,2001,2,41,Robert Ferguson,WR,21,GNB,2001,2008,0,0,3,18,83,34,1,-8,0,151,1993,13,Texas A&M
275,2001,2,52,Chris Chambers,WR,23,MIA,2001,2010,0,1,8,57,153,127,44,373,0,540,7648,58,Wisconsin
276,2001,3,74,Steve Smith,WR,22,CAR,2001,2016,2,5,14,103,219,198,57,387,2,1031,14731,81,Utah
277,2001,3,77,Snoop Minnis,WR,24,KAN,2001,2002,0,0,1,5,15,11,,,,34,515,1,Florida St.
278,2001,4,116,Milton Wynn,WR,22,STL,2001,2002,0,0,0,1,4,0,,,,4,69,0,Washington St.
279,2001,4,124,Justin McCareins,WR,22,TEN,2001,2008,0,0,5,33,114,67,8,42,0,240,3676,16,Northern Illinois
280,2001,4,131,Cedric James,WR,22,MIN,2002,2002,0,0,0,0,5,0,,,,1,29,0,TCU
281,2001,5,136,Vinny Sutherland,WR,23,ATL,2001,2002,0,0,0,0,18,0,1,16,0,1,5,0,Purdue
282,2001,5,140,Alex Bannister,WR,22,SEA,2001,2006,0,1,0,1,59,4,,,,9,121,1,East. Kentucky
283,2001,5,148,Scotty Anderson,WR,21,DET,2001,2003,0,0,0,8,34,8,,,,54,858,4,Grambling St.
284,2001,5,153,Onomo Ojo,WR,,NOR,,,0,0,0,,,,,,,,,,California-Davis
285,2001,5,154,Darnerien McCants,WR,24,WAS,2002,2005,0,0,0,7,41,3,1,9,0,58,774,8,Delaware St.
286,2001,5,159,Eddie Berlin,WR,23,TEN,2001,2005,0,0,0,3,62,1,,,,26,379,2,Northern Iowa
287,2001,5,162,Jonathan Carter,WR,22,NYG,2001,2004,0,0,0,4,25,1,,,,14,266,2,Troy
288,2001,6,166,Bobby Newcombe,WR,,ARI,,,0,0,0,,,,,,,,,,Nebraska
289,2001,6,169,Cedrick Wilson,WR,22,SFO,2001,2007,0,0,2,22,100,33,7,53,0,178,2365,8,Tennessee
290,2001,6,190,Kevin Kasper,WR,23,DEN,2001,2006,0,0,0,2,39,9,7,34,0,24,287,3,Iowa
291,2001,6,197,Francis St. Paul,WR,,STL,,,0,0,0,,,,,,,,,,Northern Arizona
292,2001,7,204,T.J. Houshmandzadeh,WR,23,CIN,2001,2011,0,1,6,56,146,92,23,142,1,627,7237,44,Oregon St.
293,2001,7,208,John Capel,WR,,CHI,,,0,0,0,,,,,,,,,,Florida
294,2001,7,214,Reggie Germany,WR,23,BUF,2001,2001,0,0,0,2,16,1,,,,12,203,0,Ohio St.
295,2001,7,218,Chris Taylor,WR,,PIT,,,0,0,0,,,,,,,,,,Texas A&M
296,2001,7,229,Ken-Yon Rambo,WR,22,OAK,2001,2002,0,0,0,1,29,0,,,,17,239,0,Ohio St.
297,2001,7,235,Richmond Flowers III,WR,,JAX,,,0,0,0,,,,,,,,,,Tenn-Chattanooga
298,2001,7,236,Quentin McCord,WR,23,ATL,2001,2003,0,0,0,5,25,2,4,13,0,23,427,1,Kentucky
299,2001,7,245,Andre King,WR,27,CLE,2001,2004,0,0,0,2,42,3,,,,30,327,0,Miami (FL)
300,2000,1,4,Peter Warrick,WR,23,CIN,2000,2005,0,0,4,27,79,60,53,360,2,275,2991,18,Florida St.
1,2000,1,8,Plaxico Burress,WR,23,PIT,2000,2012,0,0,10,69,148,138,1,-7,0,553,8499,64,Michigan St.
2,2000,1,10,Travis Taylor,WR,22,BAL,2000,2007,0,0,7,32,101,90,32,232,0,312,4017,22,Florida
3,2000,1,21,Sylvester Morris,WR,22,KAN,2000,2000,0,0,1,6,15,14,,,,48,678,3,Jackson St.
4,2000,1,29,R. Jay Soward,WR,22,JAX,2000,2000,0,0,0,2,13,2,3,28,0,14,154,1,USC
5,2000,2,32,Dennis Northcutt,WR,22,CLE,2000,2009,0,0,3,41,144,61,52,366,1,399,4941,18,Arizona
6,2000,2,36,Todd Pinkston,WR,23,PHI,2000,2004,0,0,4,27,78,62,3,-21,0,184,2816,14,Southern Miss
7,2000,2,47,Jerry Porter,WR,22,OAK,2000,2008,0,0,4,34,115,68,9,17,0,295,4120,31,West Virginia
8,2000,3,66,Ron Dugans,WR,23,CIN,2000,2002,0,0,0,6,46,13,,,,89,797,3,Florida St.
9,2000,3,69,Dez White,WR,21,CHI,2000,2005,0,0,4,18,82,49,8,38,0,187,2149,11,Georgia Tech
10,2000,3,70,Chris Cole,WR,22,DEN,2000,2003,0,0,0,1,35,2,2,8,0,12,164,0,Texas A&M
11,2000,3,73,Ron Dixon,WR,24,NYG,2000,2002,0,0,0,6,37,3,3,13,0,36,696,4,Lambuth
12,2000,3,78,Laveranues Coles,WR,22,NYJ,2000,2009,0,1,9,67,153,138,37,231,0,674,8609,49,Florida St.
13,2000,3,79,JaJuan Dawson,WR,22,CLE,2000,2002,0,0,0,5,30,4,,,,52,664,2,Tulane
14,2000,3,80,Darrell Jackson,WR,21,SEA,2000,2008,0,0,7,57,123,106,6,18,0,499,7132,51,Florida
15,2000,4,99,Gari Scott,WR,22,PHI,2001,2001,0,0,0,0,3,0,,,,2,26,0,Michigan St.
16,2000,4,103,Danny Farmer,WR,23,PIT,2000,2002,0,0,0,5,33,4,,,,43,611,1,UCLA
17,2000,4,111,Trevor Gaylor,WR,22,SDG,2000,2002,0,0,0,7,34,7,,,,52,784,4,Miami (OH)
18,2000,4,114,Anthony Lucas,WR,,GNB,,,0,0,0,,,,,,,,,,Arkansas
19,2000,4,121,Avion Black,WR,23,BUF,2000,2002,0,0,0,2,27,0,,,,14,142,0,Tennessee St.
20,2000,5,143,Windrell Hayes,WR,23,NYJ,2000,2001,0,0,0,1,9,1,1,2,0,6,126,0,USC
21,2000,5,151,Joey Jamison,WR,,GNB,,,0,0,0,,,,,,,,,,Texas Southern
22,2000,5,153,Dante Hall,WR,21,KAN,2000,2008,1,2,0,29,112,11,54,242,0,162,1747,9,Texas A&M
23,2000,5,154,Muneer Moore,WR,,DEN,,,0,0,0,,,,,,,,,,Richmond
24,2000,5,165,Troy Walters,WR,23,MIN,2000,2007,0,0,0,12,98,9,4,42,0,102,1135,9,Stanford
25,2000,6,170,Frank Murphy,WR,23,CHI,2000,2004,0,0,0,1,20,0,,,,8,71,1,Kansas St.
26,2000,6,172,Mareno Philyaw,WR,22,ATL,2000,2000,0,0,0,0,1,0,,,,,,,Troy
27,2000,6,175,James Williams,WR,22,SEA,2000,2003,0,0,0,4,30,4,1,-5,0,29,410,1,Marshall
28,2000,6,196,Emanuel Smith,WR,24,JAX,2000,2000,0,0,0,0,1,0,,,,,,,Arkansas
29,2000,6,200,Sherrod Gideon,WR,,NOR,,,0,0,0,,,,,,,,,,Southern Miss
30,2000,7,208,Desmond Kitchings,WR,,KAN,,,0,0,0,,,,,,,,,,Furman
31,2000,7,233,Drew Haddad,WR,22,BUF,2002,2004,0,0,0,0,2,0,,,,1,11,0,Buffalo
32,2000,7,242,Charles Lee,WR,22,GNB,2000,2005,0,0,0,7,44,9,2,14,0,72,957,3,Central Florida
33,2000,7,246,Leroy Fields,WR,,DEN,,,0,0,0,,,,,,,,,,Jackson St.
34,2000,7,250,Ethan Howell,WR,,WAS,,,0,0,0,,,,,,,,,,Oklahoma St.
