player,player_id,position,player_game_count,team_name,snap_counts_offense,snap_counts_pass,snap_counts_pass_block,snap_counts_run_block,snap_counts_lt,snap_counts_lg,snap_counts_ce,snap_counts_rg,snap_counts_rt,grades_offense,grades_pass_block,grades_run_block,sacks_allowed,hits_allowed,hurries_allowed,pressures_allowed,penalties,declined_penalties
Tony Gonzalez,237,TE,16,ATL,359,0,65,294,0,0,0,0,0,75.5,62.6,61.4,3,1,0,4,5,0
David Akers,295,K,2,DET,2,0,0,2,0,0,0,0,0,60.0,,59.8,0,0,0,0,0,0
Peyton Manning,327,QB,16,DEN,1124,719,0,405,0,0,0,0,0,92.5,,60.0,1,0,0,1,3,0
Matt Hasselbeck,408,QB,3,IND,21,12,0,9,0,0,0,0,0,40.3,,60.0,0,0,0,0,1,0
Brandon Stokley,498,WR,6,BLT,9,0,0,9,0,0,0,0,0,69.0,,79.0,0,0,0,0,0,0
Brian Waters,575,G,7,DAL,330,0,218,112,0,0,0,336,0,76.2,86.7,65.4,0,2,6,8,1,0
Brad Meester,627,C,16,JAX,1057,0,688,369,0,0,1081,0,0,66.7,79.2,60.2,5,1,13,19,5,1
Shane Lechler,673,P,1,HST,1,0,0,1,0,0,0,0,0,60.0,,60.0,0,0,0,0,0,0
Tom Brady,698,QB,16,NE,1168,714,0,454,0,0,0,0,0,78.8,,60.0,3,0,0,3,2,0
Michael Vick,773,QB,7,PHI,303,178,0,125,0,0,0,0,0,61.2,,60.0,1,2,0,3,2,0
Santana Moss,786,WR,16,WAS,80,0,0,80,0,0,0,0,0,58.1,,84.7,0,0,0,0,2,0
Reggie Wayne,800,WR,7,IND,154,0,1,153,0,0,0,0,0,80.9,70.2,79.2,0,0,0,0,1,0
Drew Brees,802,QB,16,NO,1086,739,0,347,0,0,0,0,0,85.5,,60.0,2,1,2,5,10,0
Dominic Raiola,820,C,16,DET,1135,0,694,441,0,0,1156,0,0,87.9,86.7,84.0,0,4,8,12,1,0
Steve Smith,837,WR,15,CAR,292,0,0,292,0,0,0,0,0,80.8,,77.1,0,0,0,0,2,0
Roberto Garza,856,C,16,CHI,1059,0,664,395,0,0,1070,0,0,76.3,86.1,69.6,1,0,12,13,5,0
Bryant McKinnie,1015,T,15,MIA,1021,0,657,364,1044,0,0,0,0,63.9,67.4,53.9,8,13,38,59,3,1
Andre Gurode,1044,C,8,OAK,275,0,154,121,0,148,76,60,0,53.1,71.4,58.3,1,1,4,6,5,0
Will Witherspoon,1079,LB,1,SL,1,0,1,0,0,0,0,0,0,60.0,,,0,0,0,0,0,0
Josh McCown,1085,QB,8,CHI,418,258,0,160,0,0,0,0,0,86.4,,60.0,3,0,2,5,1,0
Jonathan Goodwin,1146,C,16,SF,971,0,528,443,0,0,1001,0,0,71.3,78.4,69.0,4,1,14,19,3,0
Carson Palmer,1317,QB,16,ARZ,1059,655,2,402,0,0,0,0,0,67.9,78.0,60.0,2,0,0,2,4,0
Andre Johnson,1319,WR,16,HST,358,0,0,358,0,0,0,0,0,89.4,,68.9,0,0,0,0,0,0
Jordan Gross,1324,T,16,CAR,1002,0,578,424,985,0,0,0,0,87.8,91.0,72.7,6,1,22,29,1,1
Troy Polamalu,1332,S,3,PIT,7,0,0,7,0,0,0,0,0,60.0,,60.4,0,0,0,0,5,0
Willis McGahee,1339,HB,12,CLV,50,0,39,11,0,0,0,0,0,66.0,72.3,58.3,2,0,3,5,0,0
Dallas Clark,1340,TE,12,BLT,88,0,15,73,0,0,0,0,0,61.1,69.6,49.4,0,0,1,1,1,0
Anquan Boldin,1369,WR,16,SF,316,0,0,316,0,0,0,0,0,90.4,,83.4,0,0,0,0,6,0
Jason Witten,1384,TE,16,DAL,414,0,90,324,0,0,0,0,0,78.2,77.1,78.8,0,1,2,3,4,1
Nate Burleson,1386,WR,9,DET,195,0,1,194,0,0,0,0,0,65.0,65.6,64.3,0,0,0,0,2,0
Wade Smith,1393,G,16,HST,972,0,607,365,0,990,0,0,0,72.6,72.6,67.7,4,8,29,41,0,0
Visanthe Shiancoe,1406,TE,1,TEN,7,0,0,7,0,0,0,0,0,57.7,,47.7,0,0,0,0,0,0
Seneca Wallace,1422,QB,2,GB,58,28,0,30,0,0,0,0,0,57.2,,60.0,1,0,1,2,0,0
Mike Scifres,1458,P,2,SD,2,0,0,2,0,0,0,0,0,59.7,,58.9,0,0,0,0,0,0
David Diehl,1468,G,11,NYG,706,0,413,293,0,0,0,718,0,59.1,45.5,61.8,2,7,33,42,0,0
Tony Pashos,1478,T,12,OAK,712,0,435,277,0,0,0,0,735,65.1,73.4,55.4,6,1,19,26,3,2
Jon Dorenbos,1600,LS,1,PHI,1,0,0,1,0,0,0,0,0,60.0,,59.7,0,0,0,0,0,0
Antonio Gates,1609,TE,16,SD,381,0,31,350,1,0,0,0,0,71.5,69.0,65.5,1,0,0,1,3,0
Mat McBriar,1659,P,1,PIT,1,1,0,0,0,0,0,0,0,73.0,,,0,0,0,0,0,0
Kassim Osgood,1676,WR,11,SF,33,0,1,32,0,0,0,0,0,72.0,60.5,78.6,0,0,0,0,0,0
Tony Romo,1693,QB,15,DAL,909,614,0,295,0,0,0,0,0,77.8,,60.0,6,0,2,8,4,0
Eli Manning,1722,QB,16,NYG,975,625,0,350,0,0,0,0,0,68.7,,60.0,2,1,1,4,12,0
Larry Fitzgerald,1724,WR,16,ARZ,365,1,0,364,0,0,0,0,0,80.3,,88.6,0,0,0,0,1,0
Philip Rivers,1725,QB,16,SD,1086,631,0,455,0,0,0,0,0,87.0,,60.0,4,1,1,6,6,1
Kellen Winslow,1727,TE,12,NYJ,115,0,10,105,0,0,0,0,0,76.1,58.7,57.4,0,0,2,2,4,0
Ben Roethlisberger,1732,QB,16,PIT,1037,663,2,372,0,0,0,0,0,83.5,79.9,60.9,2,1,0,3,3,0
Steven Jackson,1745,HB,12,ATL,73,0,71,2,0,0,0,0,0,69.9,83.5,60.0,1,0,5,6,1,0
Benjamin Watson,1753,TE,15,NO,355,0,106,249,0,0,0,0,0,86.4,66.4,75.9,1,0,6,7,1,0
Chris Snee,1755,G,3,NYG,187,0,137,50,0,0,0,188,0,54.1,40.2,60.1,3,0,10,13,1,1
Greg Jones II,1776,FB,16,HST,229,0,24,205,0,0,0,0,0,73.2,62.9,78.8,1,1,0,2,0,0
Nick Hardwick,1787,C,16,SD,1074,0,612,462,0,0,1101,0,0,77.5,83.4,71.1,0,1,14,15,2,0
Ben Hartsock,1789,TE,13,CAR,273,0,62,211,4,0,0,0,3,84.5,79.2,88.3,0,0,2,2,2,0
Max Starks,1796,T,2,SL,8,0,6,2,8,0,0,0,0,55.2,69.0,55.0,0,0,1,1,0,0
Matt Schaub,1811,QB,10,HST,609,400,0,209,0,0,0,0,0,58.6,,60.0,1,1,1,3,2,0
Travelle Wharton,1815,G,16,CAR,840,0,474,366,0,827,0,24,0,80.3,85.9,73.1,0,3,14,17,3,0
Luke McCown,1827,QB,4,NO,14,1,0,13,0,0,0,0,0,52.6,,60.0,0,0,0,0,0,0
Jerricho Cotchery,1829,WR,16,PIT,181,0,3,178,0,0,0,0,0,74.9,77.1,89.9,0,0,0,0,0,0
Donnie Jones,1939,P,1,PHI,1,0,0,1,0,0,0,0,0,60.0,,60.0,0,0,0,0,0,0
Scott Wells,1965,C,12,SL,739,0,441,298,0,0,756,0,0,72.0,84.4,67.7,1,0,4,5,4,0
Tyson Clabo,2011,T,15,MIA,949,0,635,314,0,0,0,0,962,69.2,67.0,65.6,11,10,31,52,2,0
Malcom Floyd,2044,WR,2,SD,31,0,0,31,0,0,0,0,0,79.3,,88.7,0,0,0,0,0,0
Vonta Leach,2100,FB,16,BLT,168,0,16,152,0,0,0,0,0,56.3,69.0,61.0,0,1,0,1,1,0
Don Muhlbach,2130,LS,2,DET,2,0,0,2,0,0,0,0,0,60.0,,60.0,0,0,0,0,0,0
Jason Peters,2148,T,16,PHI,1019,0,590,429,962,0,0,0,5,90.7,87.2,87.1,4,3,28,35,4,0
Wes Welker,2204,WR,13,DEN,267,0,0,267,0,0,0,0,0,76.1,,76.9,0,0,0,0,1,0
George Wilson,2210,S,1,TEN,1,0,0,1,0,0,0,0,0,60.0,,60.0,0,0,0,0,1,0
Alex Smith,2218,QB,15,KC,949,629,0,320,0,0,0,0,0,68.8,,60.1,3,1,0,4,6,0
Ronnie Brown,2219,HB,15,SD,41,0,34,7,0,0,0,0,0,57.1,88.4,57.5,0,0,1,1,0,0
Aaron Rodgers,2241,QB,9,GB,569,347,0,222,0,0,0,0,0,85.0,,60.0,4,1,2,7,1,0
Jason Campbell,2242,QB,9,CLV,502,357,0,145,0,0,0,0,0,62.3,,61.1,0,0,1,1,3,0
Chris Spencer,2243,C,3,TEN,120,0,76,44,0,6,114,0,0,70.4,62.4,72.0,0,0,2,2,1,0
Roddy White,2244,WR,13,ATL,223,0,0,223,0,0,0,0,0,65.6,,89.4,0,0,0,0,5,0
Heath Miller,2247,TE,14,PIT,412,0,75,337,0,0,0,0,2,68.7,68.0,71.7,1,1,2,4,1,0
Logan Mankins,2249,G,16,NE,1184,0,712,472,102,1103,0,0,0,76.9,73.7,75.3,10,5,21,36,6,1
David Baas,2250,C,3,NYG,143,0,100,43,0,0,143,0,0,68.3,68.5,66.8,1,0,4,5,1,0
Michael Roos,2258,T,16,TEN,1075,0,643,432,1088,0,0,0,0,84.7,80.0,81.8,2,7,36,45,3,0
Khalif Barnes,2269,T,16,OAK,1033,0,629,404,733,333,0,0,0,63.0,78.7,49.0,3,2,34,39,9,2
Vincent Jackson,2278,WR,16,TB,378,0,0,378,0,0,0,0,0,79.1,,67.2,0,0,0,0,5,0
Frank Gore,2282,HB,16,SF,208,0,164,44,0,0,0,0,0,70.4,93.5,74.9,0,1,3,4,0,0
Alex Smith,2288,TE,16,CIN,198,0,26,172,6,0,0,0,0,52.4,72.8,63.7,0,0,1,1,0,0
Evan Mathis,2296,G,16,PHI,1105,0,623,482,0,1127,0,1,0,95.0,80.7,94.9,2,6,16,24,7,1
Richie Incognito,2298,G,8,MIA,468,0,312,156,0,472,0,0,0,82.7,78.9,79.5,6,3,2,11,0,0
Adam Snyder,2311,G,16,SF,363,0,175,188,0,295,0,0,16,65.9,55.5,69.1,4,2,8,14,3,0
Kyle Orton,2323,QB,3,DAL,78,54,0,24,0,0,0,0,0,66.0,,60.0,0,0,0,0,1,0
Brandon Jacobs,2327,HB,7,NYG,33,0,33,0,0,0,0,0,0,62.3,83.6,,0,0,2,2,0,0
David Stewart,2330,T,12,TEN,800,0,506,294,0,0,0,0,813,70.2,72.6,61.5,5,5,23,33,3,1
Todd Herremans,2343,G,16,PHI,1105,0,623,482,0,0,1,1126,1,79.0,56.8,83.5,4,10,34,48,5,0
Dylan Gandy,2346,G,11,DET,17,0,11,6,0,0,2,0,0,65.5,77.4,58.9,0,0,0,0,0,0
Darren Sproles,2347,HB,15,NO,21,0,14,7,0,0,0,0,0,83.3,54.3,58.6,1,0,1,2,0,0
Matt Giordano,2352,S,1,SL,1,0,1,0,0,0,0,0,0,60.0,,,0,0,0,0,0,0
Dan Orlovsky,2362,QB,2,TB,4,0,0,4,0,0,0,0,0,60.0,,60.0,0,0,0,0,0,0
Michael Boley,2377,LB,1,CIN,1,0,0,1,0,0,0,0,0,60.0,,60.0,0,0,0,0,0,0
Geoff Hangartner,2386,G,7,CAR,33,0,14,19,0,7,0,14,0,56.8,38.5,60.0,0,0,3,3,0,0
Will Svitek,2404,T,8,NE,239,0,158,81,3,0,0,3,234,58.6,71.2,41.9,2,1,5,8,0,0
C.J. Mosley,2408,DI,1,DET,1,0,0,1,0,0,0,0,0,60.0,,60.0,0,0,0,0,3,0
Joel Dreessen,2415,TE,10,DEN,101,0,21,80,0,0,0,0,0,55.5,80.2,52.9,0,0,0,0,1,0
Chris Myers,2417,C,16,HST,1121,0,710,411,0,0,1143,0,0,90.8,74.2,92.2,1,5,22,28,2,0
Joe Berger,2424,G,7,MIN,214,0,129,85,0,56,22,139,0,71.6,91.4,63.9,0,0,3,3,1,0
Derek Anderson,2430,QB,4,CAR,10,0,0,10,0,0,0,0,0,55.1,,60.0,0,0,0,0,0,0
Matt Cassel,2447,QB,9,MIN,450,287,0,163,0,0,0,0,0,64.1,,60.0,2,0,0,2,0,0
Billy Bajema,2466,TE,5,BLT,56,0,7,49,0,0,0,0,1,56.8,75.5,54.4,0,0,0,0,1,0
Ryan Fitzpatrick,2467,QB,11,TEN,665,422,0,243,0,0,0,0,0,68.1,,60.0,0,1,0,1,2,0
Jon Condo,2539,LS,2,OAK,2,0,1,1,0,0,0,0,0,60.0,,60.0,0,0,0,0,0,0
Dan Connolly,2540,G,16,NE,1116,0,664,452,0,0,0,1136,0,66.6,59.2,67.3,3,12,27,42,3,0
Joshua Cribbs,2544,WR,6,NYJ,11,3,0,8,0,0,0,0,0,66.6,,60.2,0,0,0,0,0,0
Harvey Dahl,2553,G,9,SL,529,0,342,187,0,0,0,543,0,67.2,72.2,67.5,2,8,9,19,5,0
John Denney,2561,LS,1,MIA,1,0,0,1,0,0,0,0,0,60.0,,60.0,0,0,0,0,0,0
Andrew Economos,2575,LS,3,TB,3,0,2,1,0,0,0,0,0,60.0,,60.0,0,0,0,0,0,0
Michael Koenen,2682,P,3,TB,3,2,0,1,0,0,0,0,0,48.2,,60.0,0,0,0,0,0,0
John Kuhn,2686,FB,14,GB,196,0,77,119,0,0,0,0,0,74.8,89.9,78.2,0,0,3,3,0,0
Lance Moore,2718,WR,13,NO,85,0,0,85,0,0,0,0,0,69.6,,65.5,0,0,0,0,0,0
Erik Pears,2737,T,16,BUF,1161,0,645,516,0,0,0,0,1180,66.7,71.1,60.1,4,6,29,39,5,1
Greg Warren,2831,LS,1,PIT,1,0,1,0,0,0,0,0,0,60.0,,,0,0,0,0,0,0
Nate Washington,2832,WR,16,TEN,303,0,0,303,0,0,0,0,0,77.9,,79.9,0,0,0,0,1,0
Reggie Bush,2947,HB,14,DET,72,0,42,30,0,0,0,0,0,74.8,70.4,57.7,0,1,2,3,1,0
D'Brickashaw Ferguson,2949,T,16,NYJ,1052,0,583,469,1051,0,0,0,0,73.6,81.6,61.9,8,4,31,43,3,1
Vernon Davis,2951,TE,15,SF,390,0,23,367,12,0,0,0,1,75.9,62.5,69.0,0,0,2,2,3,0
Jay Cutler,2956,QB,11,CHI,626,406,0,220,0,0,0,0,0,82.0,,60.0,0,0,1,1,4,0
Haloti Ngata,2957,DI,1,BLT,2,0,1,1,0,0,0,0,0,60.0,69.0,60.0,0,0,0,0,3,0
Davin Joseph,2968,G,16,TB,1013,0,610,403,0,0,0,1040,0,58.8,69.5,50.7,3,7,29,39,6,0
Santonio Holmes,2970,WR,11,NYJ,196,0,0,196,0,0,0,0,0,67.6,,63.1,0,0,0,0,3,0
DeAngelo Williams,2972,HB,15,CAR,101,0,60,41,0,0,0,0,0,69.4,89.4,56.4,0,1,1,2,0,0
Marcedes Lewis,2973,TE,11,JAX,308,0,92,216,1,0,0,0,2,66.5,78.6,60.2,0,1,2,3,1,0
Nick Mangold,2974,C,16,NYJ,1049,0,581,468,0,0,1071,0,0,73.1,88.2,66.8,0,1,14,15,1,0
Mathias Kiwanuka,2977,ED,1,NYG,1,0,0,1,0,0,0,0,0,60.0,,60.0,0,0,0,0,6,0
Winston Justice,2984,T,2,DEN,18,0,11,7,9,0,0,0,10,53.1,73.0,58.3,0,1,0,1,1,0
Roman Harper,2988,S,1,NO,2,0,0,2,0,0,0,0,0,60.0,,60.0,0,0,0,0,0,0
Daryn Colledge,2992,G,16,ARZ,1027,0,607,420,0,1050,0,0,0,67.3,77.4,62.3,2,9,18,29,5,0
Kellen Clemens,2994,QB,10,SL,540,291,1,248,0,0,0,0,0,62.6,61.3,60.0,2,1,2,5,1,0
Greg Jennings,2997,WR,15,MIN,234,0,0,234,0,0,0,0,0,73.8,,59.6,0,0,0,0,0,0
Anthony Fasano,2998,TE,9,KC,252,0,74,178,0,0,0,0,0,62.7,65.6,68.2,1,1,2,4,1,0
Andrew Whitworth,3000,T,14,CIN,915,0,538,377,604,327,0,0,0,90.7,85.0,90.1,4,3,15,22,7,2
Chris Chester,3001,G,16,WAS,1145,0,713,432,0,0,0,1172,0,73.8,64.7,73.9,3,4,38,45,5,0
Jeremy Trueblood,3004,T,12,ATL,628,0,436,192,0,0,0,0,641,69.2,66.6,69.0,2,7,24,33,4,0
Maurice Jones-Drew,3005,HB,15,JAX,128,1,113,14,0,0,0,0,0,73.0,93.1,68.1,0,0,0,0,0,0
Tony Scheffler,3006,TE,5,DET,28,0,0,28,0,0,0,0,0,59.7,,62.7,0,0,0,0,0,0
Tarvaris Jackson,3009,QB,3,SEA,35,13,0,22,0,0,0,0,0,87.5,,60.0,0,0,0,0,0,0
Eric Winston,3011,T,16,ARZ,1063,0,649,414,0,0,0,0,1086,64.5,63.7,68.3,7,8,43,58,8,0
Paul McQuistan,3014,G,16,SEA,775,0,426,349,545,253,0,4,0,53.5,41.0,62.0,8,6,23,37,3,0
Charlie Whitehurst,3026,QB,2,SD,6,0,0,6,0,0,0,0,0,56.1,,60.0,0,0,0,0,0,0
Rashad Butler,3034,T,4,CLV,9,0,4,5,0,0,0,0,0,55.9,71.6,53.8,0,0,0,0,0,0
Owen Daniels,3043,TE,5,HST,135,0,12,123,0,0,0,0,0,70.5,61.4,62.2,0,0,1,1,3,0
Michael Robinson,3045,FB,9,SEA,107,0,10,97,0,0,0,0,0,71.6,84.7,71.5,0,0,0,0,1,0
Brad Smith,3048,WR,6,PHI,10,1,0,9,0,0,0,0,0,48.3,,60.7,0,0,0,0,0,0
Jahri Evans,3053,G,14,NO,974,0,647,327,0,1,0,999,0,77.5,88.4,67.2,2,4,12,18,6,0
Jason Avant,3054,WR,16,PHI,302,0,0,302,0,0,0,0,0,61.4,,67.9,0,0,0,0,4,0
Leon Washington,3062,HB,1,TEN,7,0,7,0,0,0,0,0,0,59.0,66.0,,0,0,1,1,0,0
Brandon Marshall,3064,WR,16,CHI,350,0,2,348,0,0,0,0,0,91.6,55.9,96.3,0,0,1,1,2,0
Domata Peko Sr.,3068,DI,9,CIN,13,0,1,12,0,0,0,0,0,60.8,71.3,71.7,0,0,0,0,2,0
Rob Sims,3073,G,16,DET,1138,0,694,444,0,1158,0,0,0,72.9,78.2,66.3,1,5,23,29,5,1
Guy Whimper,3074,T,7,PIT,265,0,164,101,5,125,0,76,63,59.4,70.0,51.1,3,0,5,8,2,0
Domenik Hixon,3075,WR,14,CAR,68,0,0,68,0,0,0,0,0,64.2,,90.4,0,0,0,0,1,0
Willie Colon,3076,G,16,NYJ,1039,0,579,460,0,0,0,1060,0,69.1,89.1,64.5,1,3,14,18,11,1
Tim Dobbins,3096,LB,1,HST,1,0,0,1,0,0,0,0,0,60.0,,60.0,0,0,0,0,0,0
Chris Kuper,3106,G,2,DEN,106,0,72,34,0,0,0,108,0,68.6,59.4,69.9,1,1,2,4,0,0
Delanie Walker,3120,TE,15,TEN,257,0,20,237,0,0,0,0,0,68.0,49.3,72.9,1,0,0,1,6,0
Kevin Boothe,3121,G,16,NYG,1022,0,638,384,0,632,405,0,0,67.8,75.3,60.8,3,6,16,25,2,0
Jeromey Clary,3132,G,15,SD,1037,0,586,451,0,0,0,766,299,64.6,78.0,56.5,5,6,23,34,7,0
Charlie Johnson,3144,G,15,MIN,986,0,616,370,0,1003,0,0,0,67.2,74.2,60.5,4,8,23,35,3,0
Zach Strief,3155,T,15,NO,1034,0,685,349,39,0,0,0,1023,78.4,81.7,66.0,3,4,26,33,4,0
Will Montgomery,3179,C,16,WAS,1145,0,713,432,0,0,1172,0,0,80.0,78.3,80.5,2,3,17,22,10,1
Ben Obomanu,3194,WR,2,NYJ,13,0,0,13,0,0,0,0,0,48.0,,30.5,0,0,0,0,1,1
Marques Colston,3197,WR,15,NO,188,0,0,188,0,0,0,0,0,83.3,,66.6,0,0,0,0,0,0
Miles Austin,3211,WR,11,DAL,183,0,3,180,0,0,0,0,0,58.5,84.2,88.8,0,0,0,0,1,0
Mike Brisiel,3250,G,15,OAK,870,0,531,339,0,0,64,834,0,69.5,76.4,66.7,0,5,20,25,8,1
Fred Jackson,3368,HB,16,BUF,159,0,119,40,0,0,0,0,0,76.6,81.6,56.7,1,1,3,5,1,0
Montell Owens,3452,HB,1,DET,2,0,0,2,0,0,0,0,0,59.7,,58.8,0,0,0,0,0,0
Donald Penn,3459,T,16,TB,1035,0,616,419,1064,0,0,0,0,78.7,76.0,74.0,12,6,28,46,5,2
Dennis Roland,3485,T,2,CIN,23,0,11,12,6,0,0,0,0,74.9,70.2,70.5,0,0,1,1,0,0
Jon Ryan,3493,P,1,SEA,1,0,0,1,0,0,0,0,0,60.0,,60.0,0,0,0,0,0,0
Micheal Spurlock,3517,WR,2,DET,2,0,0,2,0,0,0,0,0,53.8,,60.0,0,0,0,0,0,0
Garrett McIntyre,3598,ED,1,NYJ,1,0,1,0,0,0,0,0,0,60.0,,,0,0,0,0,1,0
Calvin Johnson,3618,WR,14,DET,328,0,0,328,0,0,0,0,0,89.9,,72.0,0,0,0,0,1,0
Joe Thomas,3619,T,16,CLV,1109,0,779,330,1141,0,0,0,0,90.2,94.0,74.7,2,9,26,37,11,1
Levi Brown,3621,T,4,PIT,262,0,175,87,269,0,0,0,0,57.4,47.2,70.4,4,6,8,18,2,0
Adrian Peterson,3623,HB,14,MIN,126,0,112,14,0,0,0,0,0,80.6,73.7,59.5,1,2,7,10,0,0
Ted Ginn Jr.,3625,WR,16,CAR,131,0,0,131,0,0,0,0,0,73.1,,69.2,0,0,0,0,2,0
Marshawn Lynch,3628,HB,16,SEA,126,0,91,35,0,0,0,0,0,87.8,80.8,61.4,0,1,3,4,1,0
Dwayne Bowe,3639,WR,15,KC,262,0,1,261,0,0,0,0,0,71.0,71.6,86.7,0,0,0,0,2,0
Robert Meachem,3643,WR,15,NO,198,0,1,197,0,0,0,0,0,69.6,61.6,85.6,0,0,0,0,0,0
Joe Staley,3644,T,16,SF,929,0,494,435,944,0,0,0,0,85.9,87.5,77.2,4,2,14,20,2,0
Ben Grubbs,3645,G,16,NO,1126,0,740,386,0,1154,0,1,0,82.2,84.6,75.6,3,5,20,28,5,0
Greg Olsen,3647,TE,16,CAR,500,0,72,428,16,0,0,0,3,78.0,68.5,66.8,2,0,3,5,3,0
Zach Miller,3654,TE,14,SEA,402,0,81,321,0,0,0,0,1,76.2,62.2,73.0,1,0,5,6,1,0
Justin Blalock,3655,G,16,ATL,1077,0,753,324,0,1100,0,0,0,73.5,85.8,63.2,5,5,21,31,2,0
Sidney Rice,3660,WR,8,SEA,118,0,1,117,0,0,0,0,0,68.0,61.6,71.1,0,0,0,0,2,0
Brian Leonard,3668,HB,16,TB,90,0,82,8,0,0,0,0,0,79.4,83.0,59.8,1,0,6,7,1,0
Ryan Kalil,3675,C,16,CAR,1015,0,578,437,0,0,1027,0,0,77.6,81.2,75.2,1,0,15,16,3,0
Samson Satele,3676,C,13,IND,822,0,570,252,0,0,839,0,0,64.1,78.1,53.9,1,8,6,15,2,1
Usama Young,3682,S,1,OAK,1,0,0,1,0,0,0,0,0,60.0,,60.0,0,0,0,0,0,0
Ryan Harris,3686,T,15,HST,479,0,305,174,170,0,0,0,295,65.1,65.2,63.2,2,12,14,28,3,0
Jacoby Jones,3689,WR,12,BLT,170,0,0,170,0,0,0,0,0,69.3,,62.0,0,0,0,0,1,0
Matt Spaeth,3693,TE,4,PIT,97,0,20,77,0,0,0,0,0,58.7,80.5,62.5,0,0,0,0,2,0
James Jones,3694,WR,14,GB,292,0,0,292,0,0,0,0,0,68.3,,71.1,0,0,0,0,1,1
Marshal Yanda,3702,G,16,BLT,1136,0,723,413,0,0,0,1180,0,83.4,81.5,81.7,2,3,24,29,7,0
Michael Bush,3716,HB,15,CHI,34,0,20,14,0,0,0,0,0,55.8,66.9,56.5,0,1,1,2,0,0
Stephen Nicholas,3725,LB,1,ATL,1,0,0,1,0,0,0,0,0,60.0,,60.0,0,0,0,0,0,0
Zak DeOssie,3732,LS,1,NYG,1,0,0,1,0,0,0,0,0,60.0,,60.0,0,0,0,0,0,0
Manuel Ramirez,3733,C,16,DEN,1198,0,738,460,0,0,1223,0,0,86.5,81.1,85.3,1,2,14,17,5,0
Allen Barbre,3735,T,7,PHI,87,0,34,53,73,0,0,1,2,71.2,90.2,64.9,0,0,0,0,2,0
Doug Free,3738,T,16,DAL,999,0,668,331,0,0,0,0,1025,79.2,79.3,79.5,6,0,34,40,8,1
Jermon Bushrod,3741,T,16,CHI,1059,0,664,395,1069,0,0,0,0,74.3,70.3,72.7,4,9,42,55,6,1
Scott Chandler,3745,TE,16,BUF,397,0,28,369,0,0,0,0,0,64.8,38.8,65.4,1,1,1,3,4,0
Le'Ron McClain,3753,FB,16,SD,113,0,5,108,1,0,0,0,0,70.0,83.4,67.4,0,0,0,0,0,0
Uche Nwaneri,3765,G,16,JAX,1058,0,689,369,0,0,0,1082,0,73.6,82.6,65.1,4,5,18,27,4,0
Dante Rosario,3771,TE,15,CHI,77,0,12,65,0,0,0,0,0,59.1,85.5,91.9,0,0,0,0,0,0
Brent Celek,3778,TE,16,PHI,504,0,82,422,44,0,0,0,42,78.7,69.8,81.2,0,0,5,5,1,1
Adam Hayward,3798,LB,1,TB,1,0,0,1,0,0,0,0,0,60.0,,60.0,0,0,0,0,1,0
Corey Hilliard,3825,T,9,DET,455,0,280,175,0,0,0,0,431,65.5,67.4,58.3,1,1,14,16,0,0
Mike Otto,3839,T,4,TEN,154,0,81,73,0,0,0,0,135,55.4,42.9,61.0,1,0,9,10,0,0
Steve Vallos,3848,C,1,DEN,9,0,2,7,0,0,9,0,0,59.6,71.1,58.9,0,0,0,0,0,0
Clark Harris,3859,LS,1,CIN,1,0,0,1,0,0,0,0,0,60.0,,60.0,0,0,0,0,0,0
Jason Snelling,3860,HB,14,ATL,57,0,42,15,0,0,0,0,0,70.1,68.6,55.3,1,2,2,5,0,0
Ahmad Bradshaw,3866,HB,3,IND,26,0,23,3,0,0,0,0,0,66.1,89.0,59.2,0,1,0,1,0,0
Jackie Battle,3885,HB,10,TEN,38,0,30,8,0,0,0,0,0,57.8,89.8,54.0,0,0,1,1,1,0
Kyle Cook,3914,C,16,CIN,1050,0,635,415,0,0,1071,0,0,73.2,74.8,71.2,5,3,12,20,4,1
Matt Moore,4018,QB,1,MIA,6,6,0,0,0,0,0,0,0,43.3,,,0,0,0,0,0,0
Lyle Sendlein,4062,C,16,ARZ,1083,0,658,425,0,0,1108,0,0,71.1,73.7,71.6,5,6,12,23,5,2
Pierre Thomas,4080,HB,16,NO,97,0,73,24,0,0,0,0,0,79.2,73.8,62.9,2,0,7,9,0,0
Jason Trusnik,4083,LB,1,MIA,1,0,0,1,0,0,0,0,0,60.0,,60.0,0,0,0,0,0,0
Robert Turner,4085,C,6,TEN,394,0,232,162,0,0,401,0,0,59.6,57.9,58.4,2,3,8,13,3,0
Eric Weems,4097,WR,5,CHI,17,0,0,17,0,0,0,0,0,65.5,,89.6,0,0,0,0,0,0
Jake Long,4315,T,15,SL,852,0,497,355,872,0,0,0,0,90.4,80.4,91.0,6,4,22,32,5,1
Matt Ryan,4317,QB,16,ATL,1056,744,0,312,0,0,0,0,0,76.6,,60.0,3,0,1,4,2,0
Darren McFadden,4318,HB,10,OAK,91,1,61,29,0,0,0,0,0,57.5,37.6,61.2,1,1,9,11,0,0
Ryan Clady,4326,T,2,DEN,141,0,92,49,144,0,0,0,0,68.7,77.5,61.8,1,0,5,6,1,0
Jonathan Stewart,4327,HB,6,CAR,20,0,16,4,0,0,0,0,0,66.3,80.4,60.0,0,0,1,1,0,0
Chris Williams,4328,G,16,SL,902,0,531,371,15,908,0,0,0,56.4,56.2,60.0,5,8,28,41,4,1
Branden Albert,4329,T,12,KC,775,0,503,272,801,0,0,0,0,76.8,84.9,69.7,4,6,13,23,9,0
Gosder Cherilus,4331,T,16,IND,1069,0,700,369,13,0,0,0,1070,73.0,72.9,68.4,4,13,30,47,3,0
Joe Flacco,4332,QB,16,BLT,1115,716,0,399,0,0,0,0,0,67.4,,60.8,8,1,1,10,1,0
Sam Baker,4335,T,4,ATL,189,0,135,54,190,0,0,0,0,50.0,44.6,57.1,1,7,12,20,3,0
Felix Jones,4336,HB,16,PIT,37,0,35,2,0,0,0,0,0,58.1,69.1,60.0,1,1,1,3,0,0
Rashard Mendenhall,4337,HB,15,ARZ,69,0,58,11,0,0,0,0,0,65.1,75.3,58.1,1,0,2,3,0,0
Chris Johnson,4338,HB,16,TEN,117,0,101,16,0,0,0,0,0,62.4,70.7,45.2,1,1,7,9,3,1
Duane Brown,4340,T,14,HST,953,0,602,351,973,0,0,0,0,84.7,85.3,79.1,3,9,20,32,7,0
Donnie Avery,4347,WR,16,KC,196,0,0,196,0,0,0,0,0,58.3,,58.1,0,0,0,0,5,0
Jordy Nelson,4350,WR,16,GB,402,0,0,402,0,0,0,0,0,85.6,,69.2,0,0,0,0,1,1
John Carlson,4352,TE,13,MIN,275,0,44,231,0,0,0,0,0,78.5,71.3,75.5,0,0,2,2,0,0
Eddie Royal,4356,WR,15,SD,238,0,0,238,0,0,0,0,0,74.9,,83.6,0,0,0,0,0,0
Matt Forte,4358,HB,16,CHI,174,0,155,19,0,0,0,0,0,72.4,67.7,58.1,3,2,12,17,0,0
Jerome Simpson,4360,WR,16,MIN,180,0,0,180,0,0,0,0,0,73.5,,84.1,0,0,0,0,1,0
Fred Davis,4362,TE,10,WAS,132,0,22,110,0,0,0,0,1,50.9,72.6,61.5,0,1,0,1,2,0
DeSean Jackson,4363,WR,16,PHI,405,0,0,405,0,0,0,0,0,83.8,,71.8,0,0,0,0,1,0
Ray Rice,4369,HB,15,BLT,138,0,127,11,0,0,0,0,0,54.6,63.8,67.4,4,1,8,13,2,0
Chad Henne,4371,QB,15,JAX,879,577,1,301,0,0,0,0,0,58.7,62.2,60.1,3,1,1,5,7,0
Mike Pollak,4373,G,7,CIN,367,0,194,173,0,50,6,318,0,73.2,78.0,69.1,1,3,2,6,2,0
Martellus Bennett,4375,TE,16,CHI,407,0,71,336,1,0,0,0,0,75.1,45.0,68.3,2,0,6,8,7,0
John Greco,4379,G,14,CLV,923,0,646,277,0,906,0,51,0,73.9,81.2,66.3,6,10,14,30,2,0
Earl Bennett,4384,WR,15,CHI,156,0,1,155,0,0,0,0,0,62.8,69.8,91.5,0,0,0,0,2,0
Jamaal Charles,4387,HB,15,KC,156,0,118,38,0,0,0,0,0,84.2,77.6,64.2,2,1,7,10,3,1
Jeremy Zuttah,4397,C,16,TB,1016,0,608,408,0,110,936,0,0,79.9,80.1,78.9,0,5,19,24,7,0
Harry Douglas,4398,WR,16,ATL,246,0,2,244,0,0,0,0,0,69.8,67.8,56.8,0,0,0,0,3,0
Craig Stevens,4399,TE,15,TEN,326,0,44,282,0,0,0,0,0,65.8,77.1,74.4,0,0,0,0,1,0
Jermichael Finley,4405,TE,6,GB,92,0,8,84,0,0,0,0,0,73.1,28.9,58.5,1,0,1,2,2,0
Mario Manningham,4409,WR,6,SF,40,0,0,40,0,0,0,0,0,61.3,,69.8,0,0,0,0,0,0
Chad Rinehart,4410,G,11,SD,667,0,372,295,0,447,0,237,0,71.4,75.0,65.4,1,5,11,17,2,0
Andre Caldwell,4411,WR,16,DEN,105,0,0,105,0,0,0,0,0,69.8,,76.6,0,0,0,0,1,0
Oniel Cousins,4413,G,10,CLV,314,0,228,86,0,0,0,317,0,56.8,43.2,69.0,1,2,20,23,4,0
Cody Wallace,4421,C,6,PIT,288,0,166,122,0,10,256,28,0,57.5,83.1,56.7,2,0,0,2,3,0
Kory Lichtensteiger,4422,G,16,WAS,1128,0,698,430,0,1155,0,0,0,75.6,76.7,71.7,2,5,22,29,4,1
Mike McGlynn,4423,G,15,IND,888,0,570,318,0,0,249,652,0,57.2,61.4,55.3,4,11,26,41,3,0
Anthony Collins,4426,T,14,CIN,579,0,330,249,528,0,0,0,35,77.0,86.4,64.0,0,0,12,12,1,0
Tashard Choice,4436,HB,14,IND,30,0,18,12,0,0,0,0,0,62.5,81.1,58.6,0,0,1,1,0,0
Lavelle Hawkins,4440,WR,1,SD,3,0,0,3,0,0,0,0,0,52.8,,60.3,0,0,0,0,0,0
Jacob Tamme,4441,TE,16,DEN,106,0,5,101,0,0,0,0,0,70.9,78.8,63.7,0,0,0,0,0,0
Josh Sitton,4449,G,16,GB,1122,0,685,437,1,1139,0,0,1,90.1,93.5,83.2,1,0,7,8,6,0
Gary Barnidge,4455,TE,16,CLV,424,0,182,242,4,0,0,0,0,74.4,91.0,60.1,0,1,4,5,3,0
Jerome Felton,4460,FB,13,MIN,234,0,35,199,0,0,0,0,0,88.7,63.0,89.2,1,0,3,4,0,0
Breno Giacomini,4464,T,9,SEA,535,0,286,249,0,0,0,0,551,69.9,65.2,73.4,4,1,19,24,5,0
Letroy Guion,4466,DI,1,MIN,1,0,0,1,0,0,0,0,0,60.0,,60.0,0,0,0,0,2,0
Matthew Slater,4467,WR,8,NE,16,0,0,16,0,0,0,0,0,55.0,,55.4,0,0,0,0,0,0
Kellen Davis,4472,TE,14,SEA,111,0,10,101,0,0,0,0,0,53.2,77.0,55.6,0,0,0,0,4,0
Josh Johnson,4474,QB,2,CIN,9,1,0,8,0,0,0,0,0,43.5,,60.0,0,0,0,0,0,0
Carl Nicks,4478,G,2,TB,145,0,93,52,0,150,0,0,0,77.3,75.7,78.7,1,2,0,3,1,0
Josh Morgan,4488,WR,14,WAS,190,0,3,187,0,0,0,0,0,63.7,72.6,86.5,0,0,1,1,2,0
Spencer Larsen,4497,FB,9,TB,33,0,2,31,0,0,0,0,0,61.4,77.9,66.5,0,0,0,0,1,0
John Sullivan,4501,C,16,MIN,1020,0,630,390,0,0,1037,0,0,86.4,82.0,84.2,5,2,11,18,1,0
Ryan Mundy,4508,S,1,NYG,1,0,0,1,0,0,0,0,0,60.0,,60.0,0,0,0,0,0,0
Donald Thomas,4509,G,2,IND,70,0,44,26,0,72,0,0,0,76.7,68.3,75.6,0,1,2,3,0,0
Andy Studebaker,4517,ED,1,IND,1,0,0,1,0,0,0,0,0,60.0,,60.0,0,0,0,0,0,0
Pierre Garcon,4519,WR,16,WAS,346,0,0,346,0,0,0,0,0,82.2,,78.4,0,0,0,0,4,0
Matt Flynn,4523,QB,7,GB,386,250,0,136,0,0,0,0,0,53.2,,60.4,1,0,1,2,0,0
Nate Garner,4525,G,12,MIA,414,0,278,136,0,286,133,0,0,62.3,76.6,52.0,2,1,8,11,0,0
Steve Johnson,4538,WR,12,BUF,289,0,0,289,0,0,0,0,0,73.3,,59.6,0,0,0,0,1,0
Peyton Hillis,4541,HB,7,NYG,49,0,43,6,0,0,0,0,0,57.4,78.0,68.5,1,0,1,2,0,0
King Dunlap,4544,T,11,SD,671,0,360,311,687,0,0,0,0,90.5,77.3,91.3,3,3,13,19,4,1
Justin Forsett,4547,HB,9,JAX,34,0,32,2,0,0,0,0,0,64.2,79.2,77.7,1,0,1,2,0,0
Geoff Schwartz,4555,G,13,KC,542,0,340,202,0,113,0,359,67,88.8,83.1,88.3,2,2,6,10,3,0
Mackenzy Bernadeau,4564,G,12,DAL,676,0,452,224,0,7,0,689,0,81.0,74.2,80.6,4,3,17,24,1,0
Tyler Polumbus,4581,T,16,WAS,1145,0,713,432,5,0,0,0,1167,78.0,76.2,71.1,4,9,28,41,1,0
JoLonn Dunbar,4588,LB,1,SL,1,0,0,1,0,0,0,0,0,60.0,,60.0,0,0,0,0,3,0
BenJarvus Green-Ellis,4599,HB,16,CIN,86,0,66,20,0,0,0,0,0,57.8,75.4,56.0,0,1,3,4,0,0
Ryan Wendell,4602,C,16,NE,1196,0,714,482,0,0,1218,0,0,69.9,59.9,73.8,6,7,24,37,5,1
Chris Clark,4623,T,15,DEN,1057,0,644,413,1076,0,0,0,0,81.4,77.1,77.9,7,6,19,32,7,1
Fernando Velasco,4641,C,11,PIT,748,0,490,258,0,0,758,0,0,68.4,75.0,62.3,1,3,15,19,1,0
Brian De La Puente,4679,C,16,NO,1125,0,739,386,0,0,1154,0,0,76.9,84.4,70.2,3,3,9,15,4,0
Davone Bess,4694,WR,14,CLV,88,0,1,87,0,0,0,0,0,54.0,67.6,57.4,0,0,0,0,2,1
Matthew Mulligan,4701,TE,15,NE,243,0,63,180,0,0,0,0,0,67.0,70.6,64.5,0,0,2,2,1,0
Marcel Reece,4702,FB,16,OAK,174,1,36,137,0,0,0,0,0,66.7,91.1,66.5,0,0,0,0,3,0
Danny Amendola,4717,WR,12,NE,172,0,1,171,0,0,0,0,0,73.7,61.4,82.8,0,0,0,0,2,0
Mike Tolbert,4740,FB,16,CAR,273,0,131,142,0,0,0,0,0,72.3,77.4,71.3,1,2,8,11,2,0
Jed Collins,4743,FB,16,NO,307,0,64,243,0,0,0,0,0,65.1,61.9,72.2,2,2,3,7,2,0
Joe Reitz,4789,G,10,IND,145,0,77,68,2,61,0,13,8,83.9,86.1,74.4,0,0,2,2,0,0
Doug Legursky,4860,G,12,BUF,765,0,421,344,0,780,0,0,0,65.7,72.9,59.3,0,4,15,19,2,1
Danny Woodhead,4914,HB,16,SD,61,0,56,5,0,0,0,0,0,80.4,65.3,59.3,2,0,8,10,0,0
Matthew Stafford,4924,QB,16,DET,1108,694,0,414,0,0,0,0,0,80.1,,60.0,3,3,2,8,6,0
Andre Smith,4929,T,16,CIN,1098,0,655,443,0,0,0,0,1116,79.5,73.0,79.7,6,2,27,35,4,0
Darrius Heyward-Bey,4930,WR,16,IND,192,0,0,192,0,0,0,0,0,53.7,,79.4,0,0,0,0,2,0
Eugene Monroe,4931,T,15,BLT,1031,0,675,356,1068,0,0,0,0,83.7,86.4,73.5,5,7,27,39,6,2
B.J. Raji,4932,DI,2,GB,2,0,0,2,0,0,0,0,0,56.6,,50.8,0,0,0,0,1,0
Michael Crabtree,4933,WR,5,SF,82,0,0,82,0,0,0,0,0,69.2,,66.8,0,0,0,0,3,0
Knowshon Moreno,4935,HB,16,DEN,94,0,86,8,0,0,0,0,0,76.8,64.0,66.5,1,3,3,7,4,0
Malcolm Jenkins,4937,S,4,NO,7,0,0,7,0,0,0,0,0,60.0,,60.5,0,0,0,0,4,0
Larry English,4939,ED,1,SD,1,0,0,1,0,0,0,0,0,60.0,,60.0,0,0,0,0,0,0
Josh Freeman,4940,QB,4,MIN,258,167,0,91,0,0,0,0,0,52.5,,60.0,1,2,1,4,4,1
Brandon Pettigrew,4943,TE,14,DET,471,0,116,355,0,0,0,0,0,64.0,73.3,67.9,1,1,2,4,6,2
Alex Mack,4944,C,16,CLV,1110,0,779,331,0,0,1150,0,0,85.1,88.4,81.3,2,5,18,25,3,0
Percy Harvin,4945,WR,1,SEA,7,0,0,7,0,0,0,0,0,73.5,,58.1,0,0,0,0,0,0
Michael Oher,4946,T,16,BLT,1080,0,676,404,0,0,0,0,1122,69.7,71.9,62.7,8,7,42,56,5,0
Donald Brown,4950,HB,16,IND,113,0,103,10,0,0,0,0,0,76.3,69.1,58.3,2,2,4,8,0,0
Eric Wood,4951,C,16,BUF,1161,0,645,516,0,0,1180,0,0,72.1,85.1,66.8,0,2,10,12,10,3
Hakeem Nicks,4952,WR,15,NYG,285,0,0,285,0,0,0,0,0,70.1,,63.1,0,0,0,0,1,0
Kenny Britt,4953,WR,12,TEN,84,0,0,84,0,0,0,0,0,44.1,,71.9,0,0,0,0,5,0
Eben Britton,4962,G,13,CHI,233,0,110,123,0,0,0,0,48,87.6,72.3,82.7,0,2,7,9,0,0
Max Unger,4972,C,13,SEA,754,0,418,336,0,0,778,0,0,75.8,74.1,74.1,3,0,6,9,4,0
Andy Levitre,4974,G,16,TEN,1069,0,643,426,0,1082,0,0,0,81.9,77.7,81.2,1,10,19,30,7,0
LeSean McCoy,4976,HB,16,PHI,127,0,74,53,0,0,0,0,0,87.9,43.0,57.1,1,0,9,10,1,0
Phil Loadholt,4977,T,15,MIN,954,0,593,361,0,0,0,0,970,81.9,76.3,84.4,4,5,27,36,3,0
Sebastian Vollmer,4981,T,8,NE,502,0,311,191,0,0,0,0,515,81.7,79.4,76.5,2,1,13,16,1,0
Will Beatty,4983,T,16,NYG,1004,0,639,365,1015,0,0,0,0,70.3,63.0,73.7,13,7,39,59,9,2
Shonn Greene,4988,HB,11,TEN,16,0,13,3,0,0,0,0,0,65.5,59.1,59.7,0,1,1,2,1,0
Louis Vasquez,5001,G,16,DEN,1207,0,740,467,0,0,0,1124,108,89.2,91.3,82.4,0,2,13,15,3,0
Kraig Urbik,5002,G,16,BUF,1143,0,633,510,0,0,0,1162,0,77.1,78.4,71.5,2,5,13,20,2,0
Brandon Tate,5006,WR,13,CIN,40,0,0,40,0,0,0,0,0,54.7,,71.7,0,0,0,0,0,0
Mike Wallace,5007,WR,16,MIA,291,0,0,291,0,0,0,0,0,69.9,,72.8,0,0,0,0,4,1
Jared Cook,5012,TE,16,SL,296,0,19,277,0,0,0,0,0,65.2,77.7,50.5,0,0,1,1,3,1
Chris Owens,5013,CB,2,MIA,2,0,0,2,0,0,0,0,0,60.0,,59.5,0,0,0,0,0,0
Chase Coffman,5021,TE,9,ATL,5,0,0,5,0,0,0,0,0,50.1,,59.7,0,0,0,0,0,0
Kaluka Maiava,5027,LB,1,OAK,1,0,0,1,0,0,0,0,0,60.0,,60.0,0,0,0,0,0,0
Brian Hartline,5031,WR,16,MIA,273,0,0,273,0,0,0,0,0,77.9,,72.5,0,0,0,0,1,0
T.J. Lang,5032,G,16,GB,1094,0,671,423,0,1,68,1043,1,80.8,77.1,81.4,3,5,16,24,5,0
Mike Goodson,5034,HB,2,NYJ,10,0,4,6,0,0,0,0,0,80.5,38.5,60.6,0,1,0,1,0,0
Rich Ohrnberger,5047,C,6,SD,154,0,80,74,0,38,39,84,0,70.5,39.4,84.2,0,1,5,6,4,0
Louis Murphy Jr.,5048,WR,14,NYG,28,0,0,28,0,0,0,0,0,45.9,,71.5,0,0,0,0,0,0
Austin Collie,5051,WR,7,NE,26,0,0,26,0,0,0,0,0,66.5,,72.9,0,0,0,0,0,0
Tony Fiammetta,5052,FB,16,CHI,171,0,17,154,0,0,0,0,0,70.3,86.5,73.6,0,1,0,1,1,0
Andre Brown,5053,HB,8,NYG,76,0,69,7,0,0,0,0,0,64.1,70.5,58.1,2,1,3,6,1,0
Colin Brown,5063,G,6,BUF,396,0,224,172,0,400,0,0,0,41.6,27.1,50.2,3,7,16,26,1,0
Quinn Johnson,5069,FB,4,TEN,47,0,1,46,0,0,0,0,0,50.2,69.2,58.7,0,0,0,0,0,0
James Casey,5076,TE,14,PHI,113,0,11,102,1,0,0,0,0,74.1,63.9,74.6,2,0,0,2,0,0
Garrett Reynolds,5080,G,15,ATL,682,0,481,201,0,0,0,687,0,79.0,76.3,75.0,4,3,22,29,2,0
Jamon Meredith,5086,G,13,TB,478,0,240,238,0,452,0,0,0,64.1,64.5,64.2,1,7,11,19,6,1
Frank Summers,5093,FB,13,BUF,169,0,14,155,0,0,0,0,0,66.0,36.9,61.4,1,0,1,2,1,0
Bear Pascoe,5108,TE,16,NYG,227,0,29,198,0,0,0,0,0,72.6,57.4,77.0,1,0,1,2,0,0
Cedric Peerman,5109,HB,6,CIN,20,0,8,12,0,0,0,0,0,67.8,84.9,58.2,0,0,0,0,0,0
Matt Slauson,5117,G,16,CHI,1059,0,664,395,0,1070,0,0,0,84.8,82.7,77.9,2,9,15,26,2,1
Brandon Gibson,5118,WR,7,MIA,51,0,0,51,0,0,0,0,0,79.2,,82.1,0,0,0,0,0,0
Curtis Painter,5125,QB,3,NYG,37,18,0,19,0,0,0,0,0,28.5,,60.0,0,0,0,0,0,0
Brandon Myers,5126,TE,16,NYG,385,0,102,283,2,0,0,0,0,67.1,61.8,70.4,0,2,5,7,2,1
John Phillips,5132,TE,15,SD,198,0,18,180,0,1,0,0,0,64.6,74.2,66.2,0,0,0,0,2,0
Bernard Scott,5133,HB,2,BLT,2,0,1,1,0,0,0,0,0,56.7,73.0,60.0,0,0,0,0,0,0
Chris Ogbonnaya,5135,HB,16,CLV,197,0,152,45,0,0,0,0,0,59.5,75.3,61.5,2,2,10,14,0,0
Paul Fanaika,5137,G,16,ARZ,1084,0,658,426,0,0,0,1108,0,60.9,60.9,56.9,7,7,32,46,1,0
Pat McAfee,5146,P,1,IND,1,0,0,1,0,0,0,0,0,60.0,,60.0,0,0,0,0,0,0
A.Q. Shipley,5150,G,11,BLT,705,0,443,262,0,726,0,0,0,64.0,72.9,64.0,1,8,13,22,9,0
Julian Edelman,5156,WR,16,NE,390,0,3,387,0,0,0,0,0,79.3,68.9,64.4,0,0,0,0,4,1
LaRod Stephens-Howling,5164,HB,1,PIT,3,0,3,0,0,0,0,0,0,37.2,25.2,,1,0,0,1,0,0
David Johnson,5165,TE,5,PIT,57,0,18,39,0,0,0,0,0,88.7,63.1,75.2,0,0,1,1,0,0
Rashad Jennings,5174,HB,15,OAK,154,0,115,39,0,0,0,0,0,78.6,67.0,59.4,0,2,10,12,2,2
Tiquan Underwood,5177,WR,12,TB,185,0,0,185,0,0,0,0,0,65.8,,69.8,0,0,0,0,4,1
Chase Daniel,5214,QB,5,KC,91,48,0,43,0,0,0,0,0,61.0,,60.0,0,0,0,0,0,0
Will Ta'ufo'ou,5226,FB,16,JAX,231,0,51,180,0,0,0,0,0,61.2,46.1,66.7,0,1,4,5,0,0
Ramon Foster,5229,G,15,PIT,842,0,522,320,0,855,0,0,0,74.2,87.5,65.1,2,2,12,16,2,0
Isaac Redman,5233,HB,3,PIT,16,0,13,3,0,0,0,0,0,49.4,77.4,58.8,1,0,0,1,0,0
Dallas Reynolds,5241,C,3,NYG,102,0,59,43,0,45,5,53,0,59.3,15.7,74.3,0,2,6,8,0,0
Brian Hoyer,5277,QB,3,CLV,148,105,0,43,0,0,0,0,0,73.6,,60.3,1,0,0,1,1,0
Josh Vaughan,5289,HB,1,ATL,1,0,0,1,0,0,0,0,0,59.2,,60.0,0,0,0,0,0,0
Kevin Brock,5328,TE,4,KC,53,0,10,43,0,0,0,0,0,53.0,53.8,52.3,0,0,1,1,0,0
Garry Williams,5341,G,1,CAR,15,0,9,6,0,0,0,15,0,70.7,81.1,65.4,0,0,0,0,0,0
Reggie Walker,5351,LB,2,SD,2,0,0,2,0,0,0,0,0,60.0,,58.9,0,0,0,0,0,0
Kory Sperry,5369,TE,7,ARZ,42,0,11,31,0,0,0,0,0,57.9,49.1,54.8,0,2,0,2,0,0
Alex Boone,5372,G,16,SF,991,0,529,462,63,0,0,958,0,66.8,70.8,66.2,2,3,22,27,7,2
Kevin Ogletree,5387,WR,16,DET,154,0,0,154,0,0,0,0,0,63.4,,57.0,0,0,0,0,1,0
Evan Smith,5390,C,16,GB,1055,0,636,419,0,0,1073,0,0,82.9,84.6,79.1,5,1,8,14,3,0
Arian Foster,5398,HB,8,HST,35,0,34,1,0,0,0,0,0,73.6,75.3,60.0,0,0,3,3,0,0
Demar Dotson,5410,T,16,TB,1038,0,616,422,0,0,0,0,1066,80.8,81.6,74.6,5,2,27,34,4,0
Jonathan Casillas,5422,LB,1,TB,1,0,0,1,0,0,0,0,0,60.0,,60.0,0,0,0,0,1,0
Jermey Parnell,5426,T,11,DAL,20,0,4,16,2,0,0,0,0,66.5,24.9,67.5,0,0,0,0,1,0
Darrel Young,5438,FB,13,WAS,164,0,31,133,0,0,0,0,0,62.5,78.9,71.9,0,1,1,2,2,1
Antone Smith,5440,HB,6,ATL,7,0,5,2,0,0,0,0,0,68.5,61.8,58.9,0,0,1,1,0,0
Tom Crabtree,5458,TE,7,TB,168,0,35,133,0,0,0,0,0,59.4,64.4,60.8,1,0,2,3,1,0
Marcus Thigpen,5488,HB,11,MIA,3,0,0,3,0,0,0,0,0,61.6,,58.4,0,0,0,0,0,0
Tanner Purdum,5508,LS,1,NYJ,1,0,1,0,0,0,0,0,0,60.0,,,0,0,0,0,0,0
Chad Hall,5523,WR,8,KC,12,0,0,12,0,0,0,0,0,63.4,,60.0,0,0,0,0,0,0
Sam Bradford,5526,QB,7,SL,442,297,0,145,0,0,0,0,0,72.6,,60.0,0,0,2,2,0,0
Trent Williams,5529,T,16,WAS,1143,0,712,431,1164,0,0,0,0,91.8,88.3,88.9,8,6,21,35,6,2
Russell Okung,5531,T,8,SEA,426,0,241,185,441,0,0,0,0,66.2,59.2,69.9,2,3,9,14,7,1
C.J. Spiller,5534,HB,15,BUF,37,0,21,16,0,0,0,0,0,71.1,23.4,59.5,1,3,3,7,1,0
Anthony Davis,5536,T,16,SF,976,0,528,448,2,0,0,0,1003,71.5,74.8,69.0,5,4,24,33,6,0
Ryan Mathews,5537,HB,16,SD,41,0,20,21,0,0,0,0,0,70.3,59.9,57.1,1,0,2,3,1,0
Mike Iupati,5542,G,12,SF,694,0,371,323,0,715,0,0,0,70.6,60.5,72.5,3,3,19,25,3,0
Maurkice Pouncey,5543,C,1,PIT,8,0,4,4,0,0,8,0,0,59.4,76.3,57.5,0,0,0,0,0,0
Jermaine Gresham,5546,TE,14,CIN,499,0,127,372,6,0,0,0,4,60.7,67.7,61.1,0,0,8,8,11,1
Demaryius Thomas,5547,WR,16,DEN,409,0,0,409,0,0,0,0,0,81.5,,80.2,0,0,0,0,1,0
Dez Bryant,5549,WR,16,DAL,288,0,0,288,0,0,0,0,0,82.5,,55.5,0,0,0,0,4,0
Rodger Saffold,5558,T,12,SL,543,0,289,254,133,0,0,233,190,77.8,83.7,71.4,0,3,11,14,2,0
Dexter McCluster,5561,WR,15,KC,124,0,0,124,0,0,0,0,0,67.3,,61.0,0,0,0,0,1,0
Rob Gronkowski,5567,TE,7,NE,156,0,29,127,1,0,0,0,0,91.0,69.9,65.4,0,1,0,1,3,1
Zane Beadles,5570,G,16,DEN,1198,0,738,460,0,1223,0,0,0,76.8,67.7,78.5,1,9,32,42,4,1
Toby Gerhart,5576,HB,14,MIN,51,0,44,7,0,0,0,0,0,71.4,69.2,64.2,1,0,1,2,0,0
Jason Worilds,5577,ED,1,PIT,1,0,1,0,0,0,0,0,0,60.0,,,0,0,0,0,1,0
Ben Tate,5583,HB,14,HST,80,0,70,10,0,0,0,0,0,67.3,59.5,58.3,1,0,8,9,1,0
Golden Tate,5585,WR,16,SEA,285,0,0,285,0,0,0,0,0,81.9,,61.6,0,0,0,0,5,0
Vladimir Ducasse,5586,G,12,NYJ,318,0,181,137,0,302,0,13,2,55.6,51.4,68.7,2,4,11,17,6,1
Charles Brown,5589,T,15,NO,950,0,622,328,974,0,0,0,0,67.4,63.4,70.3,7,9,33,49,12,2
Jon Asamoah,5593,G,12,KC,652,0,400,252,0,0,0,674,0,73.5,80.7,66.5,1,0,12,13,3,2
Jared Veldheer,5594,T,5,OAK,322,0,209,113,335,0,0,0,0,64.7,74.4,57.1,1,0,13,14,6,1
Ed Dickson,5595,TE,16,BLT,383,0,58,325,0,0,0,0,1,63.1,74.4,54.8,0,2,1,3,2,0
John Jerry,5598,G,16,MIA,1015,0,682,333,0,0,0,1028,0,69.3,82.0,60.7,5,4,16,25,5,0
Damian Williams,5601,WR,10,TEN,96,0,1,95,0,0,0,0,0,70.0,70.2,73.9,0,0,0,0,0,0
Brandon LaFell,5602,WR,16,CAR,351,0,0,351,1,0,0,0,0,65.1,,72.7,0,0,0,0,3,0
Donald Butler,5603,LB,1,SD,1,0,0,1,0,0,0,0,0,60.0,,60.0,0,0,0,0,2,0
Emmanuel Sanders,5606,WR,16,PIT,238,0,0,238,0,0,0,0,0,71.3,,75.2,0,0,0,0,3,1
Colt McCoy,5609,QB,4,SF,16,1,0,15,0,0,0,0,0,56.2,,60.0,0,0,0,0,0,0
Eric Decker,5611,WR,16,DEN,375,0,1,374,0,0,0,0,0,79.5,66.2,89.0,0,0,0,0,4,0
Andre Roberts,5612,WR,16,ARZ,178,0,3,175,0,0,0,0,0,66.2,78.1,57.6,0,0,0,0,1,0
Armanti Edwards,5613,WR,6,CLV,22,0,0,22,0,0,0,0,0,57.0,,59.1,0,0,0,0,0,0
Shawn Lauvao,5616,G,11,CLV,742,0,513,229,0,0,0,771,0,63.4,74.2,55.0,4,4,18,26,3,0
Jimmy Graham,5619,TE,16,NO,190,0,29,161,1,0,0,0,0,83.9,66.5,47.9,1,0,1,2,4,0
Brandon Ghee,5620,CB,1,CIN,1,0,0,1,0,0,0,0,0,60.0,,60.0,0,0,0,0,0,0
Mike Williams,5625,WR,6,TB,123,0,0,123,0,0,0,0,0,62.2,,67.2,0,0,0,0,5,1
Marcus Easley,5631,WR,9,BUF,24,0,0,24,0,0,0,0,0,47.1,,60.6,0,0,0,0,0,0
Jacoby Ford,5632,WR,14,OAK,114,0,0,114,0,0,0,0,0,55.8,,64.9,0,0,0,0,0,0
Darrell Stuckey,5634,S,2,SD,2,0,0,2,0,0,0,0,0,59.5,,58.9,0,0,0,0,0,0
Dennis Pitta,5638,TE,4,BLT,25,0,5,20,0,0,0,0,0,62.3,83.3,47.3,0,0,0,0,0,0
Joe Hawley,5641,C,14,ATL,538,0,358,180,0,0,509,1,0,72.7,71.7,70.2,0,3,10,13,1,0
Garrett Graham,5642,TE,13,HST,334,0,61,273,0,0,0,0,0,64.0,58.1,58.8,1,0,4,5,2,1
Clay Harbor,5648,TE,16,JAX,162,0,32,130,0,0,0,0,0,63.2,74.8,57.4,0,1,0,1,4,1
Jason Fox,5651,T,8,DET,203,0,117,86,2,0,0,0,203,63.4,76.5,49.3,1,1,2,4,0,0
Jacques McClendon,5652,G,3,JAX,186,0,126,60,0,187,1,0,0,64.9,88.4,53.7,0,0,3,3,1,0
Michael Hoomanawanui,5655,TE,13,NE,475,0,129,346,0,0,0,0,0,59.0,68.9,59.0,1,1,5,7,3,1
John Conner,5662,FB,11,NYG,187,0,21,166,0,0,0,0,0,83.5,87.0,83.3,0,0,0,0,1,0
Chris Scott,5674,G,10,CAR,499,0,278,221,0,29,0,477,0,55.5,78.8,46.6,1,3,6,10,1,0
Andrew Quarless,5677,TE,16,GB,367,0,66,301,0,0,0,0,0,67.5,66.5,69.6,1,1,1,3,2,0
David Reed,5679,WR,5,IND,8,0,0,8,0,0,0,0,0,49.9,,60.7,0,0,0,0,0,0
Riley Cooper,5682,WR,16,PHI,419,0,0,419,0,0,0,0,0,71.3,,63.6,0,0,0,0,1,0
Stevenson Sylvester,5689,LB,1,PIT,1,0,1,0,0,0,0,0,0,60.0,,,0,0,0,0,0,0
Marshall Newhouse,5692,T,9,GB,245,0,162,83,2,1,0,16,223,53.7,40.2,67.0,3,4,13,20,2,0
Anthony Dixon,5696,HB,12,SF,41,0,2,39,0,0,0,0,0,51.9,74.5,60.1,0,0,0,0,0,0
Sam Young,5702,T,3,JAX,9,0,6,3,1,0,0,8,0,27.0,0.0,55.9,1,0,2,3,1,0
Deji Karim,5703,HB,2,HST,5,0,5,0,0,0,0,0,0,77.1,66.5,,0,0,1,1,0,0
Nate Byham,5705,TE,4,TB,82,0,19,63,0,0,0,0,0,66.0,67.0,60.1,0,0,0,0,0,0
Shelley Smith,5710,G,10,SL,363,0,200,163,0,105,0,250,2,83.4,58.7,88.4,2,4,12,18,1,0
Jonathan Dwyer,5711,HB,15,PIT,26,0,20,6,0,0,0,0,0,81.3,82.4,67.4,0,2,0,2,0,0
Eugene Sims,5712,ED,1,SL,1,0,1,0,0,0,0,0,0,60.0,,,0,0,0,0,6,0
James Starks,5716,HB,13,GB,37,0,31,6,0,0,0,0,0,78.7,61.4,58.3,0,1,2,3,0,0
Antonio Brown,5718,WR,16,PIT,318,2,0,316,0,0,0,0,0,89.1,,65.0,1,0,0,1,4,1
Trindon Holliday,5720,WR,2,DEN,1,0,0,1,0,0,0,0,0,63.8,,60.0,0,0,0,0,0,0
Joe Webb III,5722,WR,16,MIN,77,0,2,75,0,0,0,0,0,50.5,70.8,66.1,0,0,0,0,2,0
Ted Larsen,5728,G,8,TB,363,0,243,120,0,223,131,15,0,59.4,72.1,57.8,1,2,12,15,5,0
Kyle Williams,5729,WR,9,KC,119,0,0,119,0,0,0,0,0,52.9,,56.8,0,0,0,0,0,0
Thomas Welch,5731,T,5,BUF,7,0,2,5,0,0,0,0,0,78.9,68.2,74.5,0,0,0,0,0,0
Dekoda Watson,5740,LB,1,TB,1,0,0,1,0,0,0,0,0,60.0,,60.0,0,0,0,0,1,1
J'Marcus Webb,5741,T,5,MIN,106,0,56,50,0,0,0,0,89,75.6,67.8,74.9,1,1,2,4,0,0
Dorin Dickerson,5750,TE,4,DET,32,0,2,30,0,0,0,0,0,62.6,23.1,79.7,0,0,1,1,1,0
Jim Dray,5756,TE,16,ARZ,462,0,122,340,0,0,0,0,0,66.2,67.3,68.2,1,6,6,13,4,0
Ricardo Mathews,5761,DI,3,IND,3,0,0,3,0,0,0,0,0,72.5,,72.2,0,0,0,0,0,0
Erik Lorig,5775,FB,15,TB,303,0,41,262,0,0,0,0,0,74.0,78.6,74.9,0,0,4,4,2,1
Michael Palmer,5784,TE,13,PIT,41,0,9,32,0,0,0,0,0,58.2,75.9,57.5,0,0,0,0,0,0
Logan Paulsen,5795,TE,16,WAS,456,0,91,365,1,0,0,0,4,58.4,63.4,69.9,0,5,7,12,3,0
Joique Bell,5797,HB,16,DET,82,0,61,21,0,0,0,0,0,76.0,77.2,57.6,1,2,2,5,0,0
Jon Weeks,5800,LS,1,HST,1,0,0,1,0,0,0,0,0,60.0,,60.0,0,0,0,0,0,0
Vincent Rey,5811,LB,1,CIN,1,0,0,1,0,0,0,0,0,60.0,,60.0,0,0,0,0,0,0
Mike Windt,5813,LS,2,SD,2,0,0,2,0,0,0,0,0,60.0,,60.0,0,0,0,0,0,0
Thaddeus Lewis,5817,QB,6,BUF,341,190,0,151,0,0,0,0,0,61.0,,60.0,5,0,0,5,0,0
Jake Ballard,5822,TE,8,ARZ,123,0,10,113,0,0,0,0,0,69.8,69.3,59.6,0,0,1,1,1,0
Jim Cordle,5826,C,10,NYG,481,0,287,194,0,0,489,0,0,66.0,65.0,66.0,4,3,6,13,2,0
Victor Cruz,5827,WR,14,NYG,257,0,0,257,0,0,0,0,0,76.9,,66.6,0,0,0,0,2,0
Cassius Vaughn,5845,CB,1,IND,1,0,0,1,0,0,0,0,0,60.0,,60.0,0,0,0,0,3,1
Austin Howard,5847,T,16,NYJ,1050,0,581,469,0,0,0,0,1064,70.7,69.9,65.8,2,15,21,38,2,0
Lemuel Jeanpierre,5853,C,13,SEA,274,0,136,138,0,11,267,0,0,60.9,68.9,60.7,0,0,6,6,1,0
Jeff Cumberland,5861,TE,15,NYJ,418,0,78,340,21,0,0,0,5,70.2,48.8,61.9,0,3,8,11,1,0
David Nelson,5862,WR,12,NYJ,265,0,0,265,0,0,0,0,0,71.4,,69.1,0,0,0,0,1,0
LeGarrette Blount,5863,HB,16,NE,58,0,39,19,0,0,0,0,0,82.3,89.0,57.0,0,0,0,0,0,0
Alfonso Smith,5877,HB,14,ARZ,47,0,37,10,0,0,0,0,0,51.8,85.6,56.8,0,1,0,1,0,0
Stephen Williams,5880,WR,6,JAX,32,0,0,32,0,0,0,0,0,43.8,,42.9,0,0,0,0,0,0
Marlon Moore,5887,WR,14,MIA,54,0,0,54,0,0,0,0,0,57.0,,74.2,0,0,0,0,0,0
Phil Costa,5925,C,1,DAL,1,0,0,1,0,0,0,0,0,60.0,,60.0,0,0,0,0,0,0
Jeron Mastrud,5948,TE,16,OAK,382,0,76,306,2,0,0,0,1,59.9,81.8,65.7,1,0,2,3,4,0
Jeff Linkenbach,5964,T,9,IND,385,0,235,150,0,0,0,367,4,61.9,66.9,58.5,2,2,12,16,1,0
Jeff Byers,5976,G,5,CAR,35,0,15,20,0,8,5,23,0,74.7,83.4,69.5,0,0,0,0,0,0
Kyle Bosworth,5986,LB,5,DAL,11,0,0,11,0,0,0,0,0,66.5,,65.3,0,0,0,0,0,0
Chris Ivory,6007,HB,15,NYJ,72,0,42,30,0,0,0,0,0,73.7,55.0,55.1,1,0,5,6,0,0
Clint Gresham,6019,LS,1,SEA,1,0,0,1,0,0,0,0,0,60.0,,60.0,0,0,0,0,0,0
Steve Maneri,6028,TE,4,CHI,50,0,18,32,0,0,0,0,0,48.6,75.7,48.0,0,0,1,1,0,0
Mitch Unrein,6031,DI,5,DEN,7,0,2,5,0,0,0,0,0,39.2,10.6,48.3,0,0,1,1,0,0
Seyi Ajirotutu,6035,WR,9,SD,31,0,0,31,0,0,0,0,0,69.9,,58.8,0,0,0,0,0,0
Richard Brockel,6037,FB,15,CAR,169,0,25,144,0,0,0,0,2,63.3,52.8,67.3,0,1,4,5,0,0
Justin Drescher,6117,LS,1,NO,1,0,1,0,0,0,1,0,0,60.0,0.0,,0,0,1,1,1,1
Tyler Clutts,6124,FB,8,DAL,67,0,8,59,0,0,0,0,0,63.6,81.3,74.5,0,0,0,0,0,0
Andrew Hawkins,6125,WR,8,CIN,30,0,0,30,0,0,0,0,0,73.1,,74.5,0,0,0,0,0,0
Bryan Walters,6139,WR,4,SEA,25,0,0,25,0,0,0,0,0,55.6,,70.6,0,0,0,0,0,0
James Develin,6142,FB,16,NE,220,0,44,176,1,0,0,0,1,65.6,53.5,68.1,0,1,4,5,0,0
Cam Newton,6153,QB,16,CAR,939,578,0,361,0,0,0,0,0,73.3,,61.2,9,1,2,12,1,0
A.J. Green,6156,WR,16,CIN,409,0,0,409,0,0,0,0,0,82.5,,68.2,0,0,0,0,4,0
Patrick Peterson,6157,CB,13,ARZ,10,2,0,8,0,0,0,0,0,75.6,,60.2,0,0,0,0,6,0
Julio Jones,6158,WR,5,ATL,72,0,0,72,0,0,0,0,0,80.8,,60.9,0,0,0,0,1,0
Jake Locker,6160,QB,7,TEN,385,221,0,164,0,0,0,0,0,70.2,,60.0,0,0,0,0,2,0
Tyron Smith,6161,T,16,DAL,997,0,666,331,1023,0,0,0,0,88.8,87.9,84.9,1,3,27,31,6,1
Blaine Gabbert,6162,QB,3,JAX,157,109,0,48,0,0,0,0,0,38.6,,60.3,2,1,0,3,1,0
Christian Ponder,6164,QB,9,MIN,502,301,0,201,0,0,0,0,0,56.7,,60.0,1,0,0,1,1,0
Mike Pouncey,6167,C,14,MIA,901,0,594,307,0,0,908,0,0,80.4,88.0,75.3,2,3,9,14,4,0
Nate Solder,6169,T,15,NE,1085,0,646,439,1079,0,0,0,0,83.7,80.3,77.7,10,2,23,35,4,1
Anthony Castonzo,6174,T,16,IND,1066,0,701,365,1070,0,0,0,0,77.9,75.0,74.3,4,8,39,51,6,1
Danny Watkins,6175,G,1,MIA,6,0,4,2,0,6,0,0,0,58.0,77.9,57.8,0,0,0,0,0,0
James Carpenter,6177,G,16,SEA,761,0,396,365,0,781,0,0,0,63.3,69.3,61.4,4,4,8,16,5,2
Jonathan Baldwin,6178,WR,7,SF,36,0,0,36,0,0,0,0,0,54.7,,60.4,0,0,0,0,0,0
Mark Ingram II,6180,HB,11,NO,28,0,14,14,0,0,0,0,0,80.6,55.1,58.2,0,2,1,3,2,0
Gabe Carimi,6181,G,13,TB,212,0,93,119,3,132,0,12,1,66.7,62.9,63.9,1,0,1,2,1,0
Derek Sherrod,6184,T,1,GB,6,0,3,3,0,0,0,0,6,59.3,72.5,56.7,0,0,1,1,0,0
Andy Dalton,6187,QB,16,CIN,1080,667,0,413,0,0,0,0,0,73.8,,60.4,2,0,1,3,3,0
Colin Kaepernick,6188,QB,16,SF,924,528,0,396,0,0,0,0,0,67.3,,60.0,9,1,0,10,8,1
Kyle Rudolph,6195,TE,8,MIN,188,0,46,142,0,0,0,0,0,70.3,87.9,61.4,0,0,1,1,1,0
Orlando Franklin,6198,T,15,DEN,1092,0,661,431,0,0,0,0,1114,76.6,73.8,74.8,2,4,18,24,11,1
Lance Kendricks,6199,TE,15,SL,384,0,67,317,0,0,0,0,3,77.5,78.5,68.6,1,0,1,2,1,0
Stefen Wisniewski,6200,C,14,OAK,903,0,549,354,0,0,930,0,0,80.0,82.3,76.4,0,2,9,11,3,0
Jaiquawn Jarrett,6206,S,1,NYJ,1,0,1,0,0,0,0,0,0,60.0,,,0,0,0,0,0,0
Rodney Hudson,6207,C,15,KC,1006,0,637,369,0,0,1035,0,0,74.5,80.6,70.4,5,2,7,14,4,1
Shane Vereen,6208,HB,8,NE,42,0,35,7,0,0,0,0,0,75.6,89.2,72.2,0,0,1,1,0,0
Torrey Smith,6210,WR,16,BLT,391,0,0,391,0,0,0,0,0,70.5,,68.9,0,0,0,0,6,0
Greg Little,6211,WR,16,CLV,250,0,0,250,0,0,0,0,0,53.6,,63.8,0,0,0,0,2,0
Daniel Thomas,6214,HB,15,MIA,105,0,92,13,0,0,0,0,0,74.5,70.3,59.1,3,0,6,9,0,0
Marcus Gilbert,6215,T,16,PIT,950,0,605,345,0,0,0,0,964,68.3,69.0,66.9,11,5,30,46,8,0
Randall Cobb,6216,WR,6,GB,109,0,0,109,0,0,0,0,0,78.2,,86.2,0,0,0,0,1,0
Rob Housler,6221,TE,13,ARZ,209,0,23,186,0,0,0,0,0,58.0,37.5,57.5,0,1,2,3,3,0
DeMarco Murray,6223,HB,14,DAL,130,0,121,9,0,0,0,0,0,79.8,83.5,57.4,1,1,7,9,2,1
Stevan Ridley,6225,HB,14,NE,53,0,45,8,0,0,0,0,0,74.6,86.1,57.7,0,0,3,3,0,0
John Moffitt,6227,G,1,DEN,9,0,2,7,0,9,0,0,0,59.0,70.9,58.3,0,0,0,0,0,0
Will Rackley,6228,G,11,JAX,649,0,422,227,0,666,0,0,0,44.3,53.4,44.2,4,7,19,30,6,1
Austin Pettis,6230,WR,16,SL,184,0,3,181,0,0,0,0,0,66.7,49.8,65.8,0,1,0,1,1,0
Leonard Hankerson,6231,WR,10,WAS,112,0,2,110,0,0,0,0,0,68.2,72.4,68.0,0,0,0,0,2,0
Vincent Brown,6234,WR,16,SD,365,0,0,365,0,0,0,0,0,64.9,,69.2,0,0,0,0,0,0
Jerrel Jernigan,6235,WR,15,NYG,62,0,1,61,0,0,0,0,0,86.5,68.5,89.2,0,0,0,0,0,0
Jah Reid,6237,G,5,BLT,20,0,9,11,0,11,0,0,0,68.2,81.2,66.8,0,0,0,0,0,0
Akeem Dent,6243,LB,1,ATL,1,0,0,1,0,0,0,0,0,60.0,,60.0,0,0,0,0,2,0
Joe Barksdale,6244,T,16,SL,823,0,479,344,0,0,0,0,833,71.2,77.6,59.5,4,5,18,27,1,0
Kenrick Ellis,6246,DI,1,NYJ,1,0,0,1,0,0,0,0,0,60.0,,60.0,0,0,0,0,2,0
Alex Green,6248,HB,8,NYJ,14,0,4,10,0,0,0,0,0,60.7,75.1,56.7,0,0,0,0,0,0
Clint Boling,6253,G,12,CIN,776,0,474,302,0,778,0,10,0,78.7,81.9,73.0,0,0,17,17,1,0
Jordan Cameron,6254,TE,15,CLV,328,0,57,271,3,0,0,0,1,70.6,58.2,64.5,0,0,2,2,6,1
Luke Stocker,6256,TE,2,TB,67,0,18,49,0,0,0,0,0,50.8,31.8,63.3,1,0,2,3,0,0
Roy Helu,6257,HB,16,WAS,152,0,133,19,0,0,0,0,0,60.5,86.7,78.7,1,3,4,8,0,0
Kris Durham,6259,WR,16,DET,366,0,0,366,0,0,0,0,0,55.4,,68.4,0,0,0,0,5,1
Colin McCarthy,6261,LB,1,TEN,1,0,0,1,0,0,0,0,0,60.0,,60.0,0,0,0,0,0,0
David Arkin,6262,G,1,MIA,4,0,3,1,0,4,0,0,0,61.1,74.9,60.0,0,0,0,0,0,0
Clyde Gates,6263,WR,6,NYJ,44,0,0,44,0,0,0,0,0,60.1,,59.9,0,0,0,0,0,0
Greg Salas,6264,WR,8,NYJ,68,0,0,68,0,0,0,0,0,64.6,,53.2,0,0,0,0,0,0
Chimdi Chekwa,6265,CB,2,OAK,1,0,0,1,0,0,0,0,0,77.5,,60.0,0,0,0,0,2,0
Cecil Shorts,6266,WR,13,JAX,262,0,0,262,0,0,0,0,0,71.8,,73.5,0,0,0,0,1,0
Kendall Hunter,6267,HB,16,SF,35,0,16,19,0,0,0,0,0,66.3,60.1,57.2,0,0,2,2,0,0
James Brewer,6269,G,14,NYG,434,0,259,175,1,335,0,64,0,63.6,59.7,62.0,1,4,11,16,1,0
Delone Carter,6271,HB,1,JAX,1,0,0,1,0,0,0,0,0,60.0,,60.0,0,0,0,0,0,0
Alex Henery,6272,K,1,PHI,1,0,0,1,0,0,0,0,0,60.0,,60.0,0,0,0,0,0,0
Tandon Doss,6275,WR,14,BLT,76,0,0,76,0,0,0,0,0,62.8,,65.9,0,0,0,0,0,0
Taiwan Jones,6277,CB,4,OAK,2,0,0,2,0,0,0,0,0,80.9,,60.1,0,0,0,0,0,0
Bilal Powell,6278,HB,16,NYJ,161,1,113,47,0,0,0,0,0,64.5,71.9,64.9,1,0,11,12,1,1
Julius Thomas,6281,TE,14,DEN,442,0,122,320,0,0,0,0,0,81.0,72.2,62.5,1,1,1,3,0,0
Anthony Sherman,6288,FB,16,KC,259,0,26,233,0,0,0,0,0,85.8,77.3,91.7,1,0,1,2,1,0
Marcus Cannon,6290,T,13,NE,570,0,309,261,31,0,0,79,468,69.3,75.5,64.8,1,4,12,17,5,0
D.J. Williams Jr.,6293,TE,4,NE,21,0,5,16,0,0,0,0,0,42.3,75.1,44.6,0,0,0,0,0,0
Jacquizz Rodgers,6297,HB,15,ATL,83,0,76,7,0,0,0,0,0,74.7,84.0,68.5,0,0,4,4,0,0
Denarius Moore,6300,WR,13,OAK,201,0,0,201,0,0,0,0,0,73.7,,70.1,0,0,0,0,4,1
Jason Pinkston,6302,G,3,CLV,151,0,107,44,0,147,0,10,0,72.7,87.6,65.6,0,0,4,4,0,0
T.J. Yates,6304,QB,3,HST,49,27,0,22,0,0,0,0,0,34.0,,60.0,1,1,0,2,0,0
Jeremy Kerley,6305,WR,12,NYJ,228,1,0,227,0,0,0,0,0,73.4,,59.4,0,0,0,0,0,0
Niles Paul,6307,TE,13,WAS,105,0,10,95,0,0,0,0,0,59.9,82.5,57.2,0,0,0,0,1,0
Lee Smith,6311,TE,16,BUF,340,0,57,283,0,0,0,0,0,69.0,82.2,68.0,0,0,1,1,3,0
Julian Vandervelde,6313,C,3,PHI,9,0,1,8,1,0,8,0,0,64.6,70.2,64.8,0,0,0,0,0,0
Chris Carter,6314,ED,1,PIT,1,0,1,0,0,0,0,0,0,60.0,,,0,0,0,0,0,0
Daniel Kilgore,6315,C,13,SF,80,0,11,69,0,8,20,1,0,66.0,58.6,65.9,0,0,1,1,0,0
Brandon Fusco,6324,G,15,MIN,904,0,563,341,0,0,0,920,0,83.9,73.2,85.2,2,4,17,23,4,0
Charles Clay,6326,TE,16,MIA,370,0,105,265,0,0,0,0,0,76.3,71.2,63.5,0,1,3,4,3,0
Byron Stingily,6327,T,2,TEN,140,0,59,81,0,0,0,0,140,57.6,60.9,53.6,2,2,2,6,0,0
Dwayne Harris,6328,WR,10,DAL,54,0,1,53,0,0,0,0,0,63.9,68.8,94.9,0,0,0,0,1,0
Evan Royster,6329,HB,3,WAS,5,0,2,3,0,0,0,0,0,48.3,74.4,49.4,0,0,0,0,0,0
Aldrick Robinson,6330,WR,16,WAS,131,0,0,131,0,0,0,0,0,66.9,,66.5,0,0,0,0,0,0
Caleb Schlauderaff,6331,G,1,NYJ,2,0,2,0,0,0,2,0,0,60.0,71.6,,0,0,0,0,0,0
Tyrod Taylor,6332,QB,3,BLT,13,7,0,6,0,0,0,0,0,61.1,,60.0,0,0,0,0,0,0
Richard Gordon,6333,TE,1,KC,12,0,2,10,0,0,0,0,0,38.4,0.8,49.9,0,0,1,1,0,0
Jordan Todman,6335,HB,15,JAX,46,0,40,6,0,0,0,0,0,57.9,68.3,58.3,1,0,3,4,2,0
Allen Bradford,6339,LB,1,NYG,1,0,0,1,0,0,0,0,0,60.0,,60.0,0,0,0,0,0,0
Jason Kelce,6343,C,16,PHI,1096,0,622,474,0,0,1119,0,0,88.7,80.8,89.3,3,1,8,12,7,0
Matt Bosher,6344,P,1,ATL,1,0,0,1,0,0,0,0,0,60.0,,60.0,0,0,0,0,0,0
Steve Schilling,6353,G,4,SD,59,0,35,24,0,12,0,47,0,57.0,65.4,52.9,0,0,2,2,0,0
Jacquian Williams,6354,LB,1,NYG,1,0,0,1,0,0,0,0,0,60.0,,60.0,0,0,0,0,0,0
Virgil Green,6356,TE,16,DEN,251,0,47,204,3,0,0,0,0,64.2,70.2,70.9,0,2,1,3,0,0
Bruce Miller,6363,FB,14,SF,328,0,32,296,0,0,0,0,0,69.1,64.2,79.0,0,0,0,0,2,0
Derek Newton,6366,T,16,HST,830,0,517,313,0,0,0,0,848,59.7,56.9,67.2,6,7,37,50,12,5
Ryan Taylor,6370,TE,13,GB,102,0,14,88,0,0,0,0,0,50.3,83.5,50.9,0,0,0,0,0,0
Da'Rel Scott,6373,HB,5,NYG,63,0,62,1,0,0,0,0,0,58.6,80.3,60.0,1,2,1,4,0,0
Andrew Gachkar,6386,LB,2,SD,2,0,0,2,0,0,0,0,0,60.0,,60.0,0,0,0,0,1,0
Stephen Burton,6388,WR,4,JAX,42,0,0,42,0,0,0,0,0,56.9,,62.8,0,0,0,0,1,0
Mike Person,6391,T,1,SL,2,0,2,0,0,0,0,0,0,60.0,72.7,,0,0,0,0,1,0
Stanley Havili,6392,FB,13,IND,203,0,42,161,0,0,0,0,0,64.9,75.0,60.9,1,1,1,3,0,0
Tommie Campbell,6403,CB,1,TEN,1,0,0,1,0,0,0,0,0,60.0,,60.0,0,0,0,0,0,0
Mike Preston,6413,WR,7,TEN,19,0,0,19,0,0,0,0,0,66.5,,87.3,0,0,0,0,0,0
Spencer Paysinger,6419,LB,1,NYG,1,0,0,1,0,0,0,0,0,60.0,,60.0,0,0,0,0,2,0
Phillip Tanner,6420,HB,6,DAL,13,0,11,2,0,0,0,0,0,53.4,85.5,59.0,0,0,0,0,0,0
Matt Asiata,6432,HB,3,MIN,33,0,27,6,0,0,0,0,0,61.1,50.1,54.6,3,0,1,4,0,0
Willie Smith,6439,T,1,SD,6,0,0,6,5,0,0,0,1,59.7,,59.0,0,0,0,0,0,0
Shaun Draughn,6440,HB,1,BLT,2,0,2,0,0,0,0,0,0,52.9,77.4,,0,0,0,0,0,0
Mario Harvey,6447,LB,3,IND,4,0,0,4,0,0,0,0,0,52.4,,52.4,0,0,0,0,0,0
Chris Hogan,6468,WR,12,BUF,61,0,0,61,0,0,0,0,0,57.9,,62.7,0,0,0,0,1,0
Konrad Reuland,6469,TE,5,NYJ,24,0,3,21,1,0,0,0,2,53.2,50.4,56.5,0,0,0,0,0,0
Ian Williams,6472,DI,1,SF,1,0,0,1,0,0,0,0,0,60.0,,60.0,0,0,0,0,0,0
Jeremy Ross,6476,WR,11,DET,79,0,0,79,0,0,0,0,0,61.7,,65.2,0,0,0,0,0,0
Will Yeatman,6480,T,2,MIA,18,0,5,13,0,0,0,0,0,79.3,75.1,70.3,0,0,0,0,0,0
Andre Holmes,6489,WR,10,OAK,118,0,0,118,0,0,0,0,0,74.5,,79.6,0,0,0,0,1,0
Allen Reisner,6493,TE,5,JAX,103,0,30,73,0,0,0,0,0,46.4,63.0,61.5,0,1,0,1,0,0
Weslye Saunders,6496,TE,6,IND,56,0,12,44,0,0,0,0,0,50.1,84.4,51.3,0,0,0,0,0,0
Tim Barnes,6499,C,5,SL,266,0,148,118,0,0,272,0,0,69.1,70.2,66.6,1,2,3,6,0,0
Nick Bellore,6515,LB,1,NYJ,1,0,1,0,0,0,0,0,0,60.0,,,0,0,0,0,0,0
Michael Campbell,6516,WR,3,NYJ,12,0,0,12,0,0,0,0,0,53.4,,60.1,0,0,0,0,0,0
Drew Davis,6525,WR,16,ATL,95,0,3,92,0,0,0,0,0,66.6,82.7,94.7,0,0,0,0,0,0
Christian Yount,6527,LS,2,CLV,3,0,1,2,0,0,0,1,0,60.0,,60.0,0,0,0,0,0,0
Kyle Adams,6556,TE,6,TB,40,0,5,35,0,0,0,0,0,47.1,77.0,51.1,0,0,0,0,0,0
Robert Hughes,6564,FB,1,IND,4,0,1,3,0,0,0,0,0,57.3,63.1,55.4,0,0,0,0,0,0
Spencer Lanning,6566,P,2,CLV,3,1,0,2,0,0,0,0,1,48.4,,60.0,0,0,0,0,0,0
Dane Sanzenbacher,6570,WR,9,CIN,28,0,0,28,0,0,0,0,0,64.1,,59.6,0,0,0,0,0,0
Andre Smith,6571,TE,5,CLV,11,0,2,9,0,0,0,0,0,69.1,72.5,71.9,0,0,0,0,0,0
Jake McQuaide,6586,LS,1,SL,1,0,1,0,0,0,0,0,0,60.0,,,0,0,0,0,0,0
Cameron Bradfield,6591,T,14,JAX,794,0,506,288,798,0,0,0,6,54.7,60.4,46.7,7,14,29,50,5,1
Doug Baldwin,6615,WR,16,SEA,301,0,0,301,0,0,0,0,0,78.9,,70.8,0,0,0,0,1,0
Ricardo Lockette,6622,WR,8,SEA,49,0,0,49,0,0,0,0,0,73.4,,75.9,0,0,0,0,2,0
Henry Hynoski,6666,FB,3,NYG,22,0,8,14,0,0,0,0,0,48.0,83.1,64.1,0,0,0,0,0,0
Bryan Braman,6699,ED,1,HST,1,0,0,1,0,0,0,0,0,60.0,,60.0,0,0,0,0,0,0
Lestar Jean,6705,WR,9,HST,36,0,0,36,0,0,0,0,0,53.2,,55.0,0,0,0,0,2,0
Jeff Maehl,6706,WR,15,PHI,59,0,0,59,0,0,0,0,0,50.9,,56.5,0,0,0,0,0,0
Bront Bird,6731,LB,2,SD,2,0,0,2,0,0,0,0,0,60.0,,60.0,0,0,0,0,0,0
Scott Tolzien,6749,QB,3,GB,158,102,0,56,0,0,0,0,0,71.1,,60.0,0,0,1,1,0,0
Tori Gurley,6750,WR,2,CLV,2,0,0,2,0,0,0,0,0,63.4,,60.0,0,0,0,0,0,0
Brandian Ross,6755,S,1,OAK,1,0,1,0,0,0,0,0,0,60.0,,,0,0,0,0,1,0
Kerry Taylor,6760,WR,8,JAX,101,0,0,101,0,0,0,0,0,65.0,,59.9,0,0,0,0,0,0
Mark Herzlich,6767,LB,1,NYG,1,0,0,1,0,0,0,0,0,60.0,,60.0,0,0,0,0,0,0
Mike McNeill,6787,TE,10,SL,31,0,4,27,0,0,0,0,0,58.7,75.4,57.3,0,0,0,0,0,0
Armond Smith,6824,HB,2,CAR,4,0,0,4,0,0,0,0,0,49.8,,58.0,0,0,0,0,0,0
Byron Bell,6848,T,16,CAR,1013,0,569,444,12,0,0,0,1014,65.8,70.2,59.8,9,6,31,46,5,0
Kevin Cone,6889,WR,10,ATL,18,0,0,18,0,0,0,0,0,69.0,,80.0,0,0,0,0,0,0
Chase Reynolds,6892,HB,1,SL,1,0,1,0,0,0,0,0,0,60.0,,,0,0,0,0,0,0
Terrelle Pryor Sr.,6944,QB,11,OAK,537,354,0,183,0,0,0,0,0,53.9,,61.1,13,1,3,17,8,0
Matt Overton,6979,LS,1,IND,1,0,0,1,0,0,0,0,0,60.0,,60.0,0,0,0,0,0,0
Dominique Jones,6988,TE,8,KC,97,0,9,88,2,0,0,0,2,62.0,45.0,66.0,1,0,0,1,0,0
Patrick DiMarco,6997,FB,14,ATL,124,0,15,109,0,0,0,0,0,75.9,78.1,89.9,0,0,1,1,1,0
Craig Robertson,7003,LB,1,CLV,1,0,0,1,0,0,0,0,0,60.0,,60.0,0,0,0,0,1,0
Andrew Luck,7007,QB,16,IND,1027,689,0,338,0,0,0,0,0,76.8,,60.0,3,0,0,3,0,0
Robert Griffin III,7008,QB,13,WAS,853,548,0,305,0,0,0,0,0,65.9,,60.0,10,1,2,13,6,0
Trent Richardson,7009,HB,16,IND,148,0,132,16,0,0,0,0,0,64.0,67.6,66.4,1,4,9,14,0,0
Matt Kalil,7010,T,16,MIN,1041,0,646,395,1059,0,0,0,0,72.8,78.2,64.1,4,12,33,49,5,2
Justin Blackmon,7011,WR,4,JAX,84,0,0,84,0,0,0,0,0,71.9,,66.8,0,0,0,0,0,0
Ryan Tannehill,7014,QB,16,MIA,997,679,0,318,0,0,0,0,0,80.4,,60.0,3,1,0,4,2,0
Michael Floyd,7019,WR,16,ARZ,332,0,4,328,0,0,0,0,0,82.0,48.6,78.5,0,0,2,2,3,0
Kendall Wright,7026,WR,16,TEN,246,0,0,246,0,0,0,0,0,81.5,,71.9,0,0,0,0,1,0
Brandon Weeden,7028,QB,8,CLV,448,316,0,132,0,0,0,0,0,62.7,,60.7,6,2,0,8,5,0
Riley Reiff,7029,T,16,DET,1107,0,675,432,1127,0,0,0,0,70.4,72.7,67.9,7,8,34,49,5,0
Kevin Zeitler,7032,G,12,CIN,809,0,489,320,0,0,0,827,0,76.2,74.1,75.8,3,4,10,17,3,0
A.J. Jenkins,7034,WR,15,KC,72,0,0,72,0,0,0,0,0,58.2,,62.9,0,0,0,0,0,0
Doug Martin,7035,HB,6,TB,59,0,53,6,0,0,0,0,0,61.6,61.6,59.9,0,1,6,7,0,0
David Wilson,7036,HB,5,NYG,28,0,26,2,0,0,0,0,0,63.7,58.2,60.0,1,0,0,1,1,0
Brian Quick,7037,WR,16,SL,120,0,0,120,0,0,0,0,0,62.4,,76.4,0,0,0,0,2,0
Coby Fleener,7038,TE,16,IND,299,0,59,240,0,0,0,0,3,67.0,86.2,55.3,0,0,1,1,1,0
Mitchell Schwartz,7041,T,16,CLV,1110,0,779,331,2,0,0,0,1148,75.9,74.0,72.2,11,19,35,65,3,1
Amini Silatolu,7044,G,3,CAR,170,0,92,78,0,171,0,0,0,87.3,75.9,84.9,1,2,2,5,1,0
Cordy Glenn,7045,T,16,BUF,1161,0,645,516,1180,0,0,0,0,82.3,82.0,75.9,2,5,23,30,6,0
Jonathan Martin,7046,T,7,MIA,454,0,306,148,378,0,0,0,80,65.8,66.9,62.6,7,7,15,29,3,1
Stephen Hill,7047,WR,12,NYJ,246,0,0,246,0,0,0,0,0,60.6,,64.3,0,0,0,0,2,0
Alshon Jeffery,7048,WR,16,CHI,317,0,7,310,0,0,0,0,0,86.6,89.4,89.0,0,0,0,0,5,2
Isaiah Pead,7053,HB,7,SL,14,0,13,1,0,0,0,0,0,65.2,64.1,60.0,0,1,1,2,0,0
Zach Brown,7055,LB,1,TEN,1,0,0,1,0,0,0,0,0,60.0,,60.0,0,0,0,0,2,1
Ryan Broyles,7057,WR,6,DET,73,0,0,73,0,0,0,0,0,50.0,,56.9,0,0,0,0,0,0
Peter Konz,7058,C,16,ATL,889,0,618,271,0,0,591,316,0,59.6,57.2,57.7,6,3,33,42,1,0
Brock Osweiler,7059,QB,3,DEN,49,21,0,28,0,0,0,0,0,58.8,,60.0,0,0,0,0,0,0
Lavonte David,7060,LB,1,TB,1,0,0,1,0,0,0,0,0,60.0,,60.0,0,0,0,0,3,0
Kelechi Osemele,7062,G,7,BLT,424,0,275,149,0,443,0,0,0,68.6,70.6,70.2,0,6,11,17,5,1
LaMichael James,7063,HB,8,SF,3,0,1,2,0,0,0,0,0,62.9,73.4,60.0,0,0,0,0,0,0
Rueben Randle,7065,WR,16,NYG,141,0,0,141,0,0,0,0,0,69.2,,63.8,0,0,0,0,0,0
Dwayne Allen,7066,TE,1,IND,19,0,4,15,0,0,0,0,2,72.2,73.0,56.8,0,0,0,0,0,0
Ronnie Hillman,7069,HB,9,DEN,21,0,14,7,0,0,0,0,0,61.3,77.1,67.6,0,0,2,2,0,0
DeVier Posey,7070,WR,13,HST,71,0,1,70,0,0,0,0,0,59.2,61.6,49.3,0,0,0,0,0,0
T.J. Graham,7071,WR,16,BUF,324,1,0,323,0,0,0,0,0,57.1,,64.8,0,0,0,0,3,1
Donald Stephenson,7076,T,13,KC,533,0,322,211,307,0,0,0,230,65.6,61.4,67.5,1,5,22,28,6,0
Russell Wilson,7077,QB,16,SEA,928,535,0,393,0,0,0,0,0,83.6,,60.0,7,2,1,10,9,0
Brandon Brooks,7078,G,15,HST,1043,0,665,378,0,0,0,1062,0,87.6,77.8,91.0,1,7,25,33,5,0
Demario Davis,7079,LB,1,NYJ,1,0,1,0,0,0,0,0,0,60.0,,,0,0,0,0,3,0
Michael Egnew,7080,TE,16,MIA,140,0,22,118,0,0,0,0,0,59.4,72.0,56.9,0,0,2,2,0,0
Mohamed Sanu,7084,WR,16,CIN,264,1,2,261,0,0,0,0,0,62.8,68.2,70.7,0,0,0,0,1,0
Bernard Pierce,7085,HB,16,BLT,87,0,68,19,0,0,0,0,0,67.9,72.4,58.3,0,3,5,8,0,0
Nick Foles,7089,QB,13,PHI,663,387,0,276,0,0,0,0,0,76.3,,60.3,6,5,2,13,4,0
Lamar Holmes,7091,T,16,ATL,1052,0,735,317,907,0,0,0,168,60.5,63.6,61.4,10,13,53,76,12,1
T.Y. Hilton,7092,WR,16,IND,189,0,0,189,0,0,0,0,0,77.9,,61.9,0,0,0,0,0,0
Chris Givens,7096,WR,16,SL,311,0,0,311,0,0,0,0,0,61.0,,66.3,0,0,0,0,1,0
Lamar Miller,7097,HB,16,MIA,153,0,133,20,0,0,0,0,0,69.9,68.9,47.6,2,1,4,7,1,0
Gino Gradkowski,7098,C,16,BLT,1135,0,723,412,0,0,1180,0,0,68.9,65.0,71.2,3,7,26,36,3,0
Ben Jones,7099,G,10,HST,228,0,148,80,0,153,0,81,0,70.5,59.6,75.5,1,2,8,11,2,0
Travis Benjamin,7100,WR,8,CLV,36,0,0,36,0,0,0,0,0,59.1,,61.6,0,0,0,0,0,0
Kirk Cousins,7102,QB,5,WAS,236,165,0,71,0,0,0,0,0,51.4,,60.0,0,0,2,2,3,0
Robert Turbin,7106,HB,16,SEA,55,0,35,20,0,0,0,0,0,66.8,83.0,56.5,0,0,1,1,0,0
Alameda Ta'amu,7109,DI,2,ARZ,3,0,1,2,0,0,0,0,0,59.1,68.5,58.0,0,0,0,0,1,1
Ladarius Green,7110,TE,16,SD,213,0,13,200,0,0,0,0,1,83.2,70.1,70.3,0,0,1,1,1,0
Evan Rodriguez,7111,FB,4,BUF,10,0,0,10,0,0,0,0,0,73.5,,78.6,0,0,0,0,0,0
Bobby Massie,7112,T,8,ARZ,56,0,13,43,0,0,0,0,22,65.6,52.4,64.9,0,0,2,2,0,0
Orson Charles,7116,FB,8,CIN,52,0,4,48,0,0,0,0,0,55.1,75.6,57.0,0,0,0,0,1,0
Joe Looney,7117,G,3,SF,69,0,34,35,0,3,0,62,0,60.9,86.6,53.3,0,0,0,0,1,0
Jarius Wright,7118,WR,16,MIN,96,0,1,95,0,0,0,0,0,70.9,61.4,80.9,0,0,0,0,0,0
Keshawn Martin,7121,WR,14,HST,77,0,0,77,0,0,0,0,0,56.3,,54.8,0,0,0,0,0,0
Nick Toon,7122,WR,8,NO,59,0,0,59,0,0,0,0,0,51.7,,73.9,0,0,0,0,0,0
Rhett Ellison,7128,FB,11,MIN,202,0,44,158,0,0,0,0,0,71.5,78.6,82.6,0,1,2,3,2,1
Miles Burris,7129,LB,1,OAK,1,0,1,0,0,0,0,0,0,60.0,,,0,0,0,0,1,0
Brandon Mosley,7131,G,5,NYG,59,0,40,19,1,30,0,19,0,77.4,68.3,85.5,0,0,3,3,1,0
Mike Daniels,7132,DI,2,GB,2,0,0,2,0,0,0,0,0,59.5,,58.4,0,0,0,0,1,1
Adam Gettis,7138,G,2,WAS,17,0,15,2,0,17,0,0,0,69.1,84.1,60.0,0,0,1,1,0,0
Taylor Thompson,7140,TE,16,TEN,198,0,22,176,0,0,0,0,0,66.9,83.1,72.3,0,0,0,0,1,0
Tank Carder,7141,LB,1,CLV,1,0,0,1,0,0,0,0,0,60.0,,60.0,0,0,0,0,0,0
Rokevious Watkins,7143,G,3,KC,88,0,43,45,0,87,0,0,0,55.5,53.2,60.8,1,3,1,5,1,1
Bradie Ewing,7150,FB,2,ATL,12,0,3,9,0,0,0,0,0,73.7,77.4,58.9,0,0,0,0,0,0
Marvin Jones Jr.,7158,WR,16,CIN,143,0,0,143,0,0,0,0,0,86.5,,53.0,0,0,0,0,2,0
Juron Criner,7160,WR,1,OAK,15,0,0,15,0,0,0,0,0,61.9,,77.2,0,0,0,0,0,0
Vick Ballard,7162,HB,1,IND,13,0,13,0,0,0,0,0,0,65.0,86.4,,0,0,0,0,0,0
Alfred Morris,7165,HB,16,WAS,140,0,81,59,0,0,0,0,0,80.4,76.6,64.6,1,1,2,4,1,0
James Hanna,7175,TE,16,DAL,211,0,57,154,0,0,0,0,0,53.9,71.9,53.7,0,0,3,3,2,0
Josh Bush,7176,S,1,NYJ,1,1,0,0,0,0,0,0,0,51.8,,,0,0,0,0,1,0
Dan Herron,7179,HB,2,IND,2,0,1,1,0,0,0,0,0,68.4,69.8,60.0,0,0,0,0,0,0
Tom Compton,7181,T,4,WAS,9,0,1,8,2,0,0,0,0,62.1,72.4,62.2,0,0,0,0,0,0
Marvin McNutt,7182,WR,1,CAR,1,0,0,1,0,0,0,0,0,56.0,,60.0,0,0,0,0,0,0
Billy Winn,7190,DI,4,CLV,3,0,0,3,0,0,0,0,0,57.1,,57.1,0,0,0,0,0,0
LaVon Brazill,7191,WR,10,IND,47,0,0,47,0,0,0,0,0,61.7,,82.1,0,0,0,0,1,0
Nate Potter,7205,T,7,ARZ,79,0,54,25,0,58,0,0,0,33.2,19.9,44.9,1,0,6,7,0,0
J.R. Sweezy,7209,G,15,SEA,954,0,512,442,0,0,0,980,0,71.0,74.9,68.4,1,4,19,24,5,1
Rishard Matthews,7211,WR,16,MIA,144,0,1,143,0,0,0,0,0,68.4,61.6,62.9,0,0,0,0,0,0
Bryce Brown,7213,HB,16,PHI,35,0,21,14,0,0,0,0,0,66.4,75.7,57.3,0,1,0,1,1,0
Jeremy Ebert,7219,WR,5,JAX,1,0,0,1,0,0,0,0,0,52.2,,82.1,0,0,0,0,0,0
Cam Johnson,7221,ED,1,IND,1,0,0,1,0,0,0,0,0,60.0,,60.0,0,0,0,0,0,0
Junior Hemingway,7222,WR,16,KC,160,0,0,160,0,0,0,0,0,53.3,,52.5,0,0,0,0,0,0
Kelvin Beachum,7229,T,15,PIT,828,0,508,320,700,77,45,0,13,68.7,77.0,57.7,7,6,21,34,4,0
Edwin Baker,7231,HB,3,CLV,10,0,9,1,0,0,0,0,0,70.0,85.5,60.0,0,0,1,1,0,0
Daryl Richardson,7233,HB,8,SL,37,0,33,4,0,0,0,0,0,56.4,55.8,67.3,1,1,3,5,0,0
Bryce Harris,7245,T,14,NO,239,0,114,125,0,0,0,0,132,64.2,69.8,60.1,1,3,7,11,2,0
Johnny Hekker,7252,P,1,SL,1,1,0,0,0,0,0,0,0,44.4,,,0,0,0,0,0,0
Collin Mooney,7256,FB,12,TEN,112,0,8,104,0,0,0,0,0,87.4,28.4,85.9,1,0,1,2,0,0
Garrett Celek,7274,TE,11,SF,88,0,8,80,0,0,0,0,0,51.3,44.0,59.8,0,0,1,1,1,0
Chris Owusu,7276,WR,9,TB,59,0,0,59,0,0,0,0,0,53.5,,46.1,0,0,0,0,0,0
Cory Harkey,7306,FB,15,SL,283,0,35,248,0,0,0,0,0,67.6,81.0,61.7,1,0,0,1,0,0
Lance Lewis,7315,WR,3,WAS,1,0,0,1,0,0,0,0,0,55.0,,60.0,0,0,0,0,0,0
Brian Tyms,7321,WR,7,CLV,17,0,0,17,0,0,0,0,0,60.2,,59.8,0,0,0,0,0,0
Case Keenum,7323,QB,8,HST,452,283,0,169,0,0,0,0,0,60.9,,60.0,2,2,2,6,2,0
Phillip Supernaw,7324,TE,1,HST,1,0,0,1,0,0,0,0,0,55.8,,60.0,0,0,0,0,0,0
Cole Beasley,7330,WR,14,DAL,33,0,0,33,0,0,0,0,0,77.7,,53.5,0,0,0,0,1,0
Lance Dunbar,7332,HB,8,DAL,2,0,2,0,0,0,0,0,0,71.6,40.4,,0,0,1,1,0,0
Harland Gunn,7333,G,3,ATL,93,0,68,25,0,0,0,96,0,72.0,69.8,69.8,0,1,3,4,0,0
Saalim Hakim,7334,WR,3,NYJ,5,0,0,5,0,0,0,0,0,73.8,,60.1,0,0,0,0,0,0
Ron Leary,7338,G,16,DAL,992,0,666,326,0,1018,0,0,0,69.9,70.5,68.3,5,3,27,35,7,1
Griff Whalen,7351,WR,9,IND,74,0,0,74,0,0,0,0,0,73.7,,76.6,0,0,0,0,0,0
Damon Harrison Sr.,7355,DI,1,NYJ,1,0,0,1,0,0,0,0,0,60.0,,60.0,0,0,0,0,1,0
Joe Banyard,7361,HB,3,MIN,8,0,6,2,0,0,0,0,0,57.3,65.9,60.0,0,0,1,1,0,0
Jarrett Boykin,7363,WR,15,GB,227,0,1,226,0,0,0,0,0,74.0,62.4,70.0,0,0,0,0,2,0
Mike Brewster,7364,G,8,JAX,224,0,141,83,0,228,0,0,0,66.9,76.7,59.7,1,2,2,5,0,0
Drew Nowak,7369,G,1,JAX,1,0,1,0,0,1,0,0,0,76.1,71.0,73.4,0,0,0,0,0,0
J.K. Schaffer,7371,LB,1,CIN,1,0,0,1,0,0,0,0,0,60.0,,60.0,0,0,0,0,0,0
Johnson Bademosi,7374,S,2,CLV,2,0,0,2,0,0,0,0,0,59.3,,58.2,0,0,0,0,0,0
Trevor Robinson,7375,C,3,CIN,76,0,33,43,0,0,78,0,0,58.1,45.0,59.8,0,0,5,5,1,0
Derrick Coleman,7377,FB,10,SEA,109,0,9,100,0,0,0,0,0,55.4,67.1,56.6,1,0,0,1,0,0
Derek Moye,7397,WR,7,PIT,11,0,0,11,0,0,0,0,0,60.9,,77.5,0,0,0,0,0,0
Derrick Shelby,7400,ED,1,MIA,1,0,0,1,0,0,0,0,0,60.0,,60.0,0,0,0,0,1,0
Kaelin Burnett,7405,LB,2,OAK,2,0,1,1,0,0,0,0,0,60.0,,60.0,0,0,0,0,0,0
Derek Carrier,7406,TE,4,SF,25,0,1,24,0,0,0,0,0,52.9,66.6,60.4,0,0,0,0,0,0
Marquette King,7410,P,2,OAK,1,0,0,1,0,0,0,0,0,59.3,,60.0,0,0,0,0,0,0
Lucas Nix,7414,G,14,OAK,642,0,382,260,0,572,0,91,0,38.7,31.4,44.8,5,2,33,40,3,0
Rod Streater,7416,WR,16,OAK,230,0,3,227,0,0,0,0,0,74.3,76.8,66.0,0,0,0,0,3,1
Beau Brinkley,7418,LS,1,TEN,1,0,0,1,0,0,0,0,0,60.0,,60.0,0,0,0,0,0,0
Matt Simms,7423,QB,3,NYJ,65,40,0,25,0,0,0,0,0,33.7,,60.0,0,0,0,0,0,0
Jermaine Kearse,7428,WR,15,SEA,217,0,0,217,0,0,0,0,0,72.0,,85.7,0,0,0,0,2,0
Mike Remmers,7431,T,1,MIN,4,0,0,4,4,0,0,0,0,58.9,,57.9,0,0,0,0,0,0
Brian Folkerts,7435,C,3,CAR,11,0,1,10,0,0,10,2,0,59.9,68.0,59.4,0,0,0,0,0,0
Jake Byrne,7440,TE,4,SD,8,0,1,7,0,0,0,0,0,39.4,65.7,56.3,0,0,0,0,1,0
Danny Noble,7445,TE,8,JAX,28,0,9,19,1,0,0,0,0,64.5,78.5,64.3,0,0,0,0,0,0
Patrick Edwards,7463,WR,4,DET,53,0,0,53,0,0,0,0,0,57.3,,68.8,0,0,0,0,0,0
Brandon Bolden,7469,HB,10,NE,49,0,46,3,0,0,0,0,0,57.2,56.6,60.0,3,0,3,6,1,0
Brittan Golden,7481,WR,5,ARZ,6,0,0,6,0,0,0,0,0,74.0,,79.6,0,0,0,0,0,0
Rishaw Johnson,7493,G,3,KC,75,0,42,33,0,0,0,75,0,63.3,48.3,65.3,1,1,1,3,0,0
Julian Talley,7501,WR,2,NYG,4,0,1,3,0,0,0,0,0,42.1,71.7,60.2,0,0,0,0,0,0
Jack Cornell,7504,G,1,OAK,4,0,1,3,0,0,0,0,1,60.1,64.7,59.7,0,0,0,0,0,0
Bobby Rainey Jr.,7511,HB,12,TB,58,1,45,12,0,0,0,0,0,80.5,59.5,57.5,1,0,5,6,0,0
Deonte Thompson,7513,WR,6,BLT,49,0,0,49,0,0,0,0,0,61.3,,58.0,0,0,0,0,1,0
Sean McGrath,7515,TE,16,KC,320,0,58,262,0,0,0,0,0,69.1,64.0,72.9,0,1,4,5,3,0
Nate Chandler,7521,G,15,CAR,533,0,286,247,24,0,0,487,16,64.6,49.5,66.9,4,0,23,27,1,0
Chase Ford,7528,TE,9,MIN,78,0,13,65,0,0,0,0,0,70.5,61.6,65.8,0,0,1,1,0,0
Damaris Johnson,7530,WR,12,PHI,24,0,0,24,0,0,0,0,0,50.1,,60.2,0,0,0,0,0,0
Chris Polk,7532,HB,9,PHI,12,0,3,9,0,0,0,0,0,70.0,77.6,58.1,0,0,0,0,0,0
Jeremy Stewart,7534,HB,3,OAK,7,0,6,1,0,0,0,0,0,73.0,81.8,60.0,0,0,0,0,0,0
Jamize Olawale,7572,FB,16,OAK,127,0,19,108,0,0,0,0,0,62.4,81.0,66.7,0,0,1,1,0,0
Ryan Quigley,7573,P,1,NYJ,1,0,1,0,0,0,0,0,0,60.0,,,0,0,0,0,0,0
Joseph Anderson,7574,WR,5,CHI,6,0,0,6,0,0,0,0,0,60.8,,82.7,0,0,0,0,0,0
Jonathan Grimes,7585,HB,2,HST,8,0,7,1,0,0,0,0,0,62.8,86.1,60.0,0,0,0,0,0,0
Eddie Pleasant,7593,S,1,HST,1,0,0,1,0,0,0,0,0,60.0,,60.0,0,0,0,0,1,0
Brandon Bostick,7605,TE,10,GB,62,0,8,54,0,0,0,0,0,59.7,84.5,51.5,0,0,0,0,0,0
Josh Gordon,7618,WR,14,CLV,263,0,0,263,0,0,0,0,0,82.6,,66.8,0,0,0,0,2,0
Larry Donnell,7638,TE,15,NYG,53,0,6,47,0,0,0,0,0,48.7,31.5,57.2,0,0,2,2,1,0
Will Johnson,7639,FB,15,PIT,120,0,9,111,0,0,0,0,0,76.0,80.9,66.7,0,0,0,0,0,0
David DeCastro,7640,G,15,PIT,948,0,586,362,0,0,0,963,0,81.5,76.2,80.7,2,5,23,30,2,0
Jeff Allen,7642,G,14,KC,880,0,568,312,0,908,0,0,0,67.2,64.5,65.7,5,5,22,32,4,0
Mike Adams,7643,T,14,PIT,478,0,309,169,362,0,0,0,25,64.0,57.5,66.2,4,8,24,36,2,0
Johnnie Troutman,7651,G,12,SD,628,0,379,249,0,642,0,5,0,69.3,54.3,76.8,1,6,29,36,6,0
Cyrus Gray,7655,HB,12,KC,14,0,7,7,0,0,0,0,0,57.1,44.2,78.1,1,0,0,1,0,0
Brandon Washington,7656,G,1,SL,17,0,14,3,0,15,0,2,0,47.9,31.6,56.4,0,0,2,2,0,0
Matt McCants,7657,T,11,OAK,256,0,127,129,0,2,0,0,207,72.9,83.1,64.2,0,0,3,3,1,1
David Paulson,7660,TE,11,PIT,90,0,21,69,0,0,0,0,0,46.2,79.4,53.6,0,0,0,0,0,0
Brad Smelley,7662,FB,2,HST,10,0,1,9,0,0,0,0,0,53.8,65.9,58.3,0,0,0,0,0,0
Dominique Davis,7666,QB,1,ATL,12,9,0,3,0,0,0,0,0,45.0,,60.0,0,0,0,0,0,0
Josh Cooper,7672,WR,4,CLV,20,0,0,20,0,0,0,0,0,67.9,,59.4,0,0,0,0,0,0
Austin Pasztor,7689,T,12,JAX,791,0,506,285,0,0,0,0,805,65.1,69.6,58.2,5,10,18,33,3,0
Bradley Sowell,7693,T,14,ARZ,824,0,484,340,839,0,0,0,0,50.1,47.8,50.1,7,12,40,59,2,0
Mike Brown,7698,WR,11,JAX,198,0,0,198,0,0,0,0,0,56.9,,60.2,0,0,0,0,1,0
Don Barclay,7703,T,14,GB,964,0,577,387,0,0,0,69,910,63.9,65.6,61.9,8,6,22,36,5,0
Stephen Goodin,7723,G,1,NYG,24,0,4,20,23,0,0,0,0,70.7,79.6,68.7,0,0,0,0,0,0
Michael Harris,7730,T,3,SD,189,0,113,76,140,0,0,0,54,71.7,66.7,78.6,1,1,5,7,2,0
Josh Harris,7748,LS,1,ATL,1,0,0,1,0,0,0,0,0,60.0,,60.0,0,0,0,0,0,0
Jeff Demps,7760,HB,2,TB,1,0,0,1,0,0,0,0,0,79.0,,60.0,0,0,0,0,0,0
Will Tukuafu,7764,DI,2,SF,23,0,6,17,0,0,0,0,0,78.2,23.5,84.2,0,0,2,2,0,0
Eric Fisher,7783,T,14,KC,789,0,493,296,0,0,0,0,811,57.8,49.5,67.1,7,5,35,47,6,0
Luke Joeckel,7784,T,5,JAX,273,0,186,87,12,0,0,0,268,58.0,62.9,55.5,3,1,11,15,2,0
Lane Johnson,7786,T,16,PHI,1102,0,620,482,44,0,0,0,1072,73.5,63.0,82.1,10,8,39,57,8,2
Tavon Austin,7789,WR,13,SL,95,1,0,94,0,0,0,0,0,70.0,,67.0,0,0,0,0,0,0
Chance Warmack,7791,G,16,TEN,1075,0,643,432,0,0,0,1088,0,73.3,67.6,71.6,7,4,25,36,5,0
D.J. Fluker,7792,T,15,SD,1045,0,601,444,289,0,0,0,785,69.3,66.2,70.7,6,8,33,47,7,0
Sheldon Richardson,7794,DI,4,NYJ,1,0,0,1,0,0,0,0,0,46.8,,60.0,0,0,0,0,4,0
E.J. Manuel,7797,QB,10,BUF,666,387,1,278,0,0,0,0,0,53.0,61.3,60.0,7,1,0,8,2,0
Justin Pugh,7800,T,16,NYG,1027,0,643,384,0,0,0,0,1042,75.1,68.0,76.2,5,4,43,52,3,0
Kyle Long,7801,G,16,CHI,1059,0,664,395,0,0,0,1070,0,70.4,75.1,67.6,2,9,21,32,3,0
Tyler Eifert,7802,TE,15,CIN,362,0,59,303,5,0,0,0,0,66.6,75.6,58.4,0,0,2,2,0,0
Bjoern Werner,7805,ED,1,IND,1,0,0,1,0,0,0,0,0,60.0,,60.0,0,0,0,0,0,0
DeAndre Hopkins,7808,WR,16,HST,344,0,0,344,0,0,0,0,0,68.7,,61.2,0,0,0,0,4,1
Cordarrelle Patterson,7810,WR,16,MIN,127,1,0,126,0,0,0,0,0,80.3,,64.5,0,0,0,0,1,0
Travis Frederick,7812,C,16,DAL,999,0,668,331,0,0,1025,0,0,85.4,69.4,91.5,4,2,18,24,3,0
Justin Hunter,7815,WR,14,TEN,115,0,0,115,0,0,0,0,0,68.5,,68.9,0,0,0,0,1,0
Zach Ertz,7816,TE,16,PHI,189,0,19,170,1,0,0,0,6,80.6,76.1,61.4,0,1,0,1,0,0
Giovani Bernard,7818,HB,16,CIN,123,0,100,23,0,0,0,0,0,78.2,84.1,72.4,0,1,4,5,0,0
Geno Smith,7820,QB,16,NYJ,940,538,0,402,0,0,0,0,0,60.7,,62.9,8,0,4,12,6,1
Robert Woods,7822,WR,14,BUF,392,0,0,392,0,0,0,0,0,63.9,,71.8,0,0,0,0,3,1
Menelik Watson,7823,T,5,OAK,173,0,94,79,0,0,0,0,126,57.6,59.5,61.2,1,2,7,10,2,1
Gavin Escobar,7828,TE,16,DAL,72,0,7,65,0,0,0,0,0,63.7,75.6,61.5,0,0,0,0,0,0
Le'Veon Bell,7829,HB,13,PIT,88,0,75,13,0,0,0,0,0,71.6,65.6,65.9,2,0,6,8,2,0
Vance McDonald,7836,TE,15,SF,282,0,31,251,0,0,0,0,1,54.8,60.4,69.3,0,1,0,1,1,0
D.J. Swearinger Sr.,7838,S,1,HST,1,0,0,1,0,0,0,0,0,60.0,,60.0,0,0,0,0,4,0
Montee Ball,7839,HB,16,DEN,64,0,45,19,0,0,0,0,0,72.5,67.2,68.0,0,0,5,5,0,0
Aaron Dobson,7840,WR,12,NE,204,0,0,204,0,0,0,0,0,63.6,,65.1,0,0,0,0,2,0
Robert Alford,7841,CB,1,ATL,1,0,0,1,0,0,0,0,0,60.0,,60.0,0,0,0,0,4,2
Eddie Lacy,7842,HB,15,GB,136,0,120,16,0,0,0,0,0,87.5,89.6,64.7,0,1,2,3,0,0
Christine Michael,7843,HB,3,SEA,2,0,0,2,0,0,0,0,0,82.1,25.3,59.2,0,0,1,1,0,0
Larry Warford,7846,G,16,DET,1138,0,694,444,0,0,0,1158,0,84.9,86.6,79.7,0,5,10,15,4,1
Bennie Logan,7848,DI,1,PHI,1,0,0,1,0,1,0,0,0,60.0,,60.0,0,0,0,0,1,0
Brian Winters,7853,G,13,NYJ,763,0,412,351,0,771,0,0,0,59.6,52.9,60.8,10,6,15,31,7,0
Mike Glennon,7854,QB,13,TB,827,502,2,323,0,0,0,0,0,64.1,79.9,60.0,5,0,0,5,6,1
Terrance Williams,7855,WR,16,DAL,158,0,1,157,0,0,0,0,0,66.2,62.3,74.1,0,0,0,0,1,0
Terron Armstead,7856,T,2,NO,138,0,86,52,141,0,0,0,0,65.7,64.0,73.3,3,1,3,7,2,0
Keenan Allen,7857,WR,15,SD,397,0,0,397,0,0,0,0,0,83.7,,71.9,0,0,0,0,5,0
Dallas Thomas,7858,G,3,MIA,3,0,0,3,0,0,0,0,0,59.3,,59.2,0,0,0,0,0,0
Marquise Goodwin,7859,WR,12,BUF,107,0,0,107,0,0,0,0,0,68.5,,75.7,0,0,0,0,1,0
Markus Wheaton,7860,WR,12,PIT,48,0,0,48,0,0,0,0,0,55.1,,74.1,0,0,0,0,0,0
Damontre Moore,7862,ED,1,NYG,1,0,0,1,0,0,0,0,0,60.0,,60.0,0,0,0,0,2,1
Shawn Williams,7865,S,1,CIN,1,0,0,1,0,0,0,0,0,60.0,,60.0,0,0,0,0,0,0
Jordan Reed,7866,TE,9,WAS,143,0,19,124,0,0,0,0,0,89.0,74.7,76.4,0,0,1,1,0,0
Hugh Thornton,7867,G,14,IND,869,0,565,304,0,883,0,0,3,66.6,55.2,69.7,7,16,16,39,2,0
Stedman Bailey,7873,WR,11,SL,62,0,0,62,0,0,0,0,0,70.9,,67.0,0,0,0,0,1,0
Brandon Williams,7876,TE,8,CAR,16,0,0,16,0,0,0,0,0,49.7,,54.5,0,0,0,0,0,0
Knile Davis,7878,HB,15,KC,25,0,16,9,0,0,0,0,0,54.0,87.6,57.5,0,0,0,0,0,0
Matt Barkley,7880,QB,3,PHI,74,57,0,17,0,0,0,0,0,25.9,,60.0,1,0,0,1,0,0
Ace Sanders,7883,WR,15,JAX,150,1,0,149,0,0,0,0,0,61.9,,58.0,0,0,0,0,2,1
Josh Boyce,7884,WR,9,NE,51,0,0,51,0,0,0,0,0,60.8,,82.4,0,0,0,0,0,0
Dion Sims,7888,TE,15,MIA,198,0,48,150,0,0,0,0,0,54.9,59.9,55.7,2,0,2,4,0,0
Brian Schwenke,7889,C,9,TEN,567,0,335,232,0,0,573,0,0,68.8,55.7,73.5,3,8,12,23,1,1
David Bakhtiari,7891,T,16,GB,1119,0,685,434,1138,0,0,0,0,70.5,72.1,62.6,8,4,27,39,10,2
Khaled Holmes,7903,C,2,IND,12,0,5,7,0,2,5,0,0,60.1,78.1,56.7,0,0,0,0,0,0
Johnathan Franklin,7907,HB,5,GB,13,0,12,1,0,0,0,0,0,53.1,82.9,60.0,0,0,0,0,0,0
Quinton Patton,7910,WR,6,SF,12,0,0,12,0,0,0,0,0,58.1,,77.0,0,0,0,0,0,0
Levine Toilolo,7915,TE,16,ATL,103,0,23,80,0,0,0,0,0,62.8,65.5,65.9,0,0,2,2,0,0
Denard Robinson,7917,HB,14,JAX,9,1,5,3,0,0,0,0,0,29.5,79.6,59.6,0,0,0,0,0,0
Stepfan Taylor,7922,HB,13,ARZ,58,0,36,22,0,0,0,0,0,77.3,89.4,64.6,0,0,0,0,0,0
Kenny Stills,7926,WR,16,NO,160,0,0,160,0,0,0,0,0,62.6,,78.5,0,0,0,0,1,0
Joseph Randle,7933,HB,7,DAL,19,0,14,5,0,0,0,0,0,53.0,28.8,68.8,1,1,2,4,0,0
Cooper Taylor,7934,S,1,NYG,1,0,0,1,0,0,0,0,0,60.0,,60.0,0,0,0,0,0,0
Tanner Hawkinson,7938,G,1,CIN,5,0,0,5,0,0,0,0,0,59.0,,58.9,0,0,0,0,0,0
Luke Willson,7940,TE,16,SEA,219,0,28,191,0,0,0,0,0,69.0,63.8,61.3,0,0,4,4,1,0
Zac Stacy,7942,HB,14,SL,87,0,71,16,0,0,0,0,0,70.2,86.9,65.5,1,0,2,3,0,0
Jordan Mills,7945,T,16,CHI,1012,0,640,372,0,0,0,0,1022,55.8,46.7,63.6,3,13,62,78,2,0
Mike Gillislee,7946,HB,1,MIA,1,0,1,0,0,0,0,0,0,74.8,68.5,,0,0,0,0,0,0
Caleb Sturgis,7948,K,1,MIA,1,0,0,1,0,0,0,0,0,60.0,,60.0,0,0,0,0,0,0
Rick Wagner,7950,G,14,BLT,129,0,59,70,0,0,0,0,56,76.3,58.2,76.6,3,0,4,7,1,1
Eric Kush,7952,C,2,KC,73,0,40,33,0,0,73,0,0,60.1,79.2,54.3,0,0,1,1,0,0
Nick Kasa,7954,TE,15,OAK,31,0,2,29,0,0,0,0,0,53.6,71.3,57.6,0,0,0,0,0,0
Kenjon Barner,7963,HB,6,CAR,9,0,1,8,0,0,0,0,0,44.1,73.4,58.9,0,0,0,0,0,0
Mychal Rivera,7965,TE,16,OAK,232,0,23,209,0,0,0,0,0,68.7,73.5,53.6,0,0,1,1,4,1
Andre Ellington,7968,HB,15,ARZ,50,0,23,27,0,0,0,0,0,84.2,81.3,67.9,0,1,0,1,0,0
Mike James,7970,HB,7,TB,26,1,22,3,0,0,0,0,0,87.6,81.4,66.7,0,0,1,1,1,0
Spencer Ware,7975,FB,1,SEA,3,0,0,3,0,0,0,0,0,62.4,,53.3,0,0,0,0,0,0
Jeff Baca,7977,G,2,MIN,4,0,0,4,0,0,0,0,0,84.6,,80.8,0,0,0,0,0,0
Theo Riddick,7980,HB,11,DET,7,0,1,6,0,0,0,0,0,66.9,62.7,59.1,0,0,0,0,0,0
Ryan Griffin,7982,TE,15,HST,162,0,34,128,0,0,0,0,0,67.0,47.8,63.5,1,0,2,3,2,0
Brice Butler,7991,WR,10,OAK,65,0,0,65,0,0,0,0,0,56.7,,62.6,0,0,0,0,0,0
Travis Bond,7996,T,1,CAR,4,0,0,4,0,0,0,0,4,58.5,,57.3,0,0,0,0,0,0
Tommy Bohanon,7997,FB,16,NYJ,236,0,55,181,0,0,0,0,0,59.7,48.9,58.0,2,1,5,8,0,0
D.C. Jefferson,8001,TE,3,ARZ,14,0,0,14,0,0,0,0,0,55.6,,58.5,0,0,0,0,0,0
Chris Gragg,8004,TE,7,BUF,29,0,3,26,0,0,0,0,0,43.5,73.3,53.5,0,0,0,0,0,0
Nick Williams,8005,WR,5,WAS,14,0,0,14,0,0,0,0,0,64.1,,59.7,0,0,0,0,0,0
Garrett Gilkey,8010,G,3,CLV,94,0,67,27,0,97,0,0,0,56.0,73.2,44.7,1,0,2,3,0,0
Marquess Wilson,8019,WR,9,CHI,35,0,0,35,0,0,0,0,0,54.8,,54.9,0,0,0,0,0,0
Michael Bowie,8025,T,9,SEA,524,0,294,230,16,0,0,53,470,78.0,60.4,90.3,5,3,11,19,3,0
Zeke Motta,8027,S,1,ATL,1,0,0,1,0,0,0,0,0,60.0,,60.0,0,0,0,0,0,0
Daimion Stafford,8031,S,1,TEN,1,0,0,1,0,0,0,0,0,60.0,,60.0,0,0,0,0,0,0
Michael Cox,8036,HB,3,NYG,5,0,3,2,0,0,0,0,0,63.9,78.2,60.0,0,0,0,0,0,0
Justice Cunningham,8037,TE,1,IND,10,0,2,8,0,0,0,0,0,68.9,73.7,69.3,0,0,0,0,0,0
Deveron Carr,8062,CB,1,TB,1,0,0,1,0,0,0,0,0,60.0,,60.0,0,0,0,0,0,0
Brandon Magee,8064,LB,1,CLV,1,0,0,1,0,0,0,0,0,60.0,,60.0,0,0,0,0,0,0
Dennis Johnson,8070,HB,8,HST,20,0,20,0,0,0,0,0,0,59.2,48.6,,1,0,3,4,1,1
Alvin Bailey,8071,T,10,SEA,82,0,32,50,43,0,0,8,23,68.7,86.7,59.9,0,0,0,0,0,0
Josh McNary,8073,LB,1,IND,1,0,0,1,0,0,0,0,0,60.0,,60.0,0,0,0,0,0,0
Daren Bates,8077,LB,1,SL,1,0,1,0,0,0,0,0,0,60.0,,,0,0,0,0,0,0
C.J. Anderson,8101,HB,3,DEN,2,0,0,2,0,0,0,0,0,73.6,,60.0,0,0,0,0,0,0
A.J. Bouye,8110,CB,1,HST,1,0,0,1,0,0,0,0,0,60.0,,60.0,0,0,0,0,0,0
Charles James II,8120,CB,1,NYG,1,0,0,1,0,0,0,0,0,60.0,,60.0,0,0,0,0,0,0
Kenbrell Thompkins,8126,WR,12,NE,205,0,0,205,0,0,0,0,0,66.5,,69.0,0,0,0,0,0,0
Jaron Brown,8128,WR,16,ARZ,36,0,0,36,0,0,0,0,0,67.7,,65.8,0,0,0,0,0,0
Xavier Nixon,8157,T,4,IND,152,0,79,73,5,75,0,61,0,61.7,55.2,61.3,1,3,2,6,0,0
Marlon Brown,8179,WR,14,BLT,245,0,0,245,0,0,0,0,0,65.7,,68.4,0,0,0,0,2,0
Tim Lelito,8189,G,7,NO,159,0,97,62,0,0,0,155,0,52.8,48.9,52.8,4,0,5,9,1,1
Josh Hill,8200,TE,11,NO,107,0,27,80,0,0,0,0,0,57.0,79.9,58.9,0,0,0,0,0,0
Justin Tuggle,8225,LB,1,HST,1,0,0,1,0,0,0,0,0,60.0,,60.0,0,0,0,0,0,0
Josh Kline,8230,G,5,NE,112,0,62,50,0,115,0,0,0,64.8,59.5,64.2,0,2,1,3,1,1
Ryan Spadola,8236,WR,3,MIA,7,0,0,7,0,0,0,0,0,52.0,,59.8,0,0,0,0,0,0
Myles White,8243,WR,7,GB,47,0,0,47,0,0,0,0,0,60.2,,54.8,0,0,0,0,0,0
Keavon Milton,8250,TE,4,CLV,14,0,2,12,0,0,0,0,0,57.8,71.3,57.0,0,0,0,0,0,0
Russell Shepard,8254,WR,8,TB,31,0,0,31,0,0,0,0,0,77.1,,88.8,0,0,0,0,0,0
Ray-Ray Armstrong,8271,LB,1,SL,1,0,1,0,0,0,0,0,0,60.0,,,0,0,0,0,0,0
Benny Cunningham,8283,HB,13,SL,31,0,18,13,0,0,0,0,0,54.9,49.8,56.2,1,0,2,3,1,0
Joe Unga,8284,G,2,BUF,10,0,7,3,0,0,0,10,0,62.5,79.1,58.5,0,0,0,0,0,0
MarQueis Gray,8286,TE,12,CLV,54,0,2,52,0,0,0,0,0,52.7,74.4,60.6,0,0,0,0,0,0
Michael Hill,8302,HB,3,TB,3,0,3,0,0,0,0,0,0,56.9,79.7,,0,0,0,0,0,0
Zach Sudfeld,8313,TE,14,NYJ,104,0,12,92,1,0,0,0,0,53.7,76.1,57.8,0,0,0,0,0,0
Lamaar Thomas,8315,WR,2,JAX,2,0,0,2,0,0,0,0,0,88.1,,60.0,0,0,0,0,0,0
Jake Stoneburner,8353,TE,6,GB,8,0,0,8,0,0,0,0,0,58.1,,58.5,0,0,0,0,1,0
Ryan Robinson,8363,ED,1,OAK,1,0,1,0,0,0,0,0,0,60.0,,,0,0,0,0,0,0
Lane Taylor,8365,G,3,GB,14,0,7,7,0,0,0,13,0,55.8,79.5,52.3,0,0,0,0,0,0
Matt McGloin,8374,QB,7,OAK,369,233,0,136,0,0,0,0,0,59.8,,61.5,0,0,4,4,1,0
Ray Graham,8380,HB,1,HST,1,0,1,0,0,0,0,0,0,63.8,72.4,,0,0,0,0,0,0
Tim Wright,8392,TE,16,TB,198,0,31,167,0,0,0,0,0,66.6,64.4,52.0,0,0,2,2,2,0
Jayson DiManche,8414,LB,1,CIN,1,0,0,1,0,0,0,0,0,60.0,,60.0,0,0,0,0,0,0
Darius Johnson,8418,WR,10,ATL,93,0,0,93,0,0,0,0,0,55.2,,86.2,0,0,0,0,0,0
Zach Line,8420,FB,3,MIN,52,0,11,41,0,0,0,0,0,66.1,81.2,66.1,0,0,0,0,0,0
Da'Rick Rogers,8444,WR,5,IND,67,0,0,67,0,0,0,0,0,59.9,,70.3,0,0,0,0,0,0
Skye Dawson,8453,WR,7,TB,35,0,0,35,0,0,0,0,0,60.6,,56.2,0,0,0,0,0,0
LaAdrian Waddle,8460,T,9,DET,540,0,326,214,29,0,0,0,524,75.7,72.2,74.0,0,8,17,25,2,0
Joseph Fauria,8478,TE,16,DET,126,0,13,113,0,0,0,0,0,80.9,49.2,75.5,0,1,1,2,2,0
Sam Brenner,8493,G,7,MIA,285,0,183,102,0,274,1,14,0,60.3,51.8,62.0,1,2,10,13,2,1
Ryan Schraeder,8496,T,9,ATL,306,0,207,99,3,0,0,0,291,63.0,66.8,56.7,4,0,12,16,2,0
Nick Becton,8501,T,1,SD,13,0,13,0,13,0,0,0,0,52.7,70.3,,0,0,1,1,1,0
Jeff Tuel,8508,QB,2,BUF,110,67,0,43,0,0,0,0,0,46.0,,60.0,1,0,0,1,0,0
Khiry Robinson,8514,HB,10,NO,12,0,3,9,0,0,0,0,0,71.0,81.3,57.8,0,0,0,0,0,0
Jack Doyle,8520,TE,13,IND,137,0,26,111,1,0,0,0,1,51.4,81.8,56.4,0,0,0,0,1,0
Shelton Johnson,8527,S,1,OAK,1,0,1,0,0,0,0,0,0,60.0,,,0,0,0,0,0,0
Lamar Mady,8532,G,4,OAK,95,0,65,30,0,15,0,85,0,62.5,56.6,62.6,1,1,0,2,1,0
Eric Page,8539,WR,12,TB,13,1,0,12,0,0,0,0,0,63.4,,59.3,0,0,0,0,0,0
Fozzy Whittaker,8547,HB,11,CLV,23,0,15,8,0,0,0,1,0,58.3,71.3,58.2,0,1,2,3,0,0
